distortion,level,level_numeric,snr_db_mean,name,ods_threshold,ods_f_score,snr_db
haze,0.5,0.5,3.141872703484021,P0063,212,0.2090052892002021,7.361264308432491
haze,0.5,0.5,3.141872703484021,P0081,86,0.0770892262804927,0.9446912496363596
haze,0.5,0.5,3.141872703484021,P0198,160,0.3796941799151361,3.176009121557682
haze,0.5,0.5,3.141872703484021,P0308,20,0.1080129449059938,1.228742500895043
haze,0.5,0.5,3.141872703484021,P0336,205,0.0862105335250782,-1.5472183248018336
haze,0.5,0.5,3.141872703484021,P0345,197,0.0596229751633479,0.6465847800752185
haze,0.5,0.5,3.141872703484021,P0363,42,0.1954679067435073,0.8085359916268149
haze,0.5,0.5,3.141872703484021,P0368,20,0.1443694697904812,1.3058336094557883
haze,0.5,0.5,3.141872703484021,P0377,20,0.1054268178415242,-0.328251922167334
haze,0.5,0.5,3.141872703484021,P0452,20,0.0668146154419913,2.8311158182432843
haze,0.5,0.5,3.141872703484021,P0517,227,0.1643173264400804,1.5060505474727128
haze,0.5,0.5,3.141872703484021,P0565,220,0.0895992070044254,-1.886576095549367
haze,0.5,0.5,3.141872703484021,P0649,116,0.3269839042364559,-1.0958142314075023
haze,0.5,0.5,3.141872703484021,P0699,20,0.0958475806961685,0.832006944063308
haze,0.5,0.5,3.141872703484021,P0806,153,0.1322937689678437,5.423615042986257
haze,0.5,0.5,3.141872703484021,P1003,227,0.1119909093456526,-3.075865534098758
haze,0.5,0.5,3.141872703484021,P1029,227,0.1153424144644671,1.454232482125319
haze,0.5,0.5,3.141872703484021,P1148,20,0.0170503573485138,5.410271500105494
haze,0.5,0.5,3.141872703484021,P1158,57,0.181450636557225,1.8773512275205817
haze,0.5,0.5,3.141872703484021,P1207,42,1.0,15.350956011368332
haze,0.5,0.5,3.141872703484021,P1216,34,0.4378355178447621,14.90694668235479
haze,0.5,0.5,3.141872703484021,P1242,220,0.0914664554059125,7.927859820929124
haze,0.5,0.5,3.141872703484021,P1358,168,0.1608111641948343,6.387151597018584
haze,0.5,0.5,3.141872703484021,P1522,49,0.1050648572301296,0.6740611305126085
haze,0.5,0.5,3.141872703484021,P1676,42,0.01821695562788,6.239809160173539
haze,0.5,0.5,3.141872703484021,P1693,205,1.0,2.2659924574835646
haze,0.5,0.5,3.141872703484021,P1960,101,0.2926212441836477,1.0804351413983797
haze,0.5,0.5,3.141872703484021,P2002,20,0.1912605647397093,4.860032409218513
haze,0.5,0.5,3.141872703484021,P2045,20,0.1928841434126819,-2.115071220323782
haze,0.5,0.5,3.141872703484021,P2210,212,0.1445621684396771,7.906267167456884
haze,0.5,0.5,3.141872703484021,P2257,212,0.1374109167035828,-0.3082821267200897
haze,0.5,0.5,3.141872703484021,P2278,205,0.105157986313343,5.838380669868601
haze,0.5,0.5,3.141872703484021,P2332,146,0.0392876712089776,5.9761552615503435
haze,0.5,0.5,3.141872703484021,P2352,146,0.006374364708645,3.965478989544693
haze,0.5,0.5,3.141872703484021,P2456,220,0.0104296470540138,2.9845441851226093
haze,0.5,0.5,3.141872703484021,P2528,175,0.0443061491169425,2.2747921538620504
haze,0.5,0.5,3.141872703484021,P2591,183,0.101933324550252,2.9597437639520887
haze,0.5,0.5,3.141872703484021,P2613,205,0.2105347103414501,-2.371584975023479
haze,0.5,0.5,3.141872703484021,P2724,183,0.0465725608773593,4.913293274855296
haze,0.5,0.5,3.141872703484021,P2754,138,0.0013241248878826,7.085367568586637
haze,1.0,1.0,-1.0077252033553779,P0063,212,0.2116409539868817,3.2152907323175235
haze,1.0,1.0,-1.0077252033553779,P0081,168,0.0786404214200858,-3.1948242776147207
haze,1.0,1.0,-1.0077252033553779,P0198,160,0.3836042936372524,-0.9654949811926768
haze,1.0,1.0,-1.0077252033553779,P0308,20,0.1105640862433098,-2.9190371885040136
haze,1.0,1.0,-1.0077252033553779,P0336,197,0.0872763187265517,-5.685767931132608
haze,1.0,1.0,-1.0077252033553779,P0345,205,0.060376592139721,-3.499576451740745
haze,1.0,1.0,-1.0077252033553779,P0363,57,0.1922472843423653,-3.339195950882639
haze,1.0,1.0,-1.0077252033553779,P0368,20,0.1470999318670975,-2.839968472432817
haze,1.0,1.0,-1.0077252033553779,P0377,20,0.1136865972380691,-4.45875790958379
haze,1.0,1.0,-1.0077252033553779,P0452,20,0.0663555994215337,-1.306448816763698
haze,1.0,1.0,-1.0077252033553779,P0517,227,0.1779451512514215,-2.6337791285198087
haze,1.0,1.0,-1.0077252033553779,P0565,212,0.0928092091067027,-6.024823907121242
haze,1.0,1.0,-1.0077252033553779,P0649,123,0.3261703514945172,-5.212375653973553
haze,1.0,1.0,-1.0077252033553779,P0699,27,0.0938545553662054,-3.286180707927388
haze,1.0,1.0,-1.0077252033553779,P0806,197,0.1335208864899814,1.2793212425153024
haze,1.0,1.0,-1.0077252033553779,P1003,220,0.1125538757400203,-7.224242106734896
haze,1.0,1.0,-1.0077252033553779,P1029,220,0.1175402249517989,-2.6859680983951346
haze,1.0,1.0,-1.0077252033553779,P1148,20,0.0224985533872411,1.2663023037089949
haze,1.0,1.0,-1.0077252033553779,P1158,64,0.1675509456759754,-2.263395040683667
haze,1.0,1.0,-1.0077252033553779,P1207,27,1.0,11.096570809192324
haze,1.0,1.0,-1.0077252033553779,P1216,42,0.5005456529647144,10.626127382201172
haze,1.0,1.0,-1.0077252033553779,P1242,220,0.0898414699633443,3.7656718704473113
haze,1.0,1.0,-1.0077252033553779,P1358,168,0.1591947638572477,2.2343840047325108
haze,1.0,1.0,-1.0077252033553779,P1522,57,0.1038655204835379,-3.4716154371810086
haze,1.0,1.0,-1.0077252033553779,P1676,57,0.018144100889559,2.0568380606665446
haze,1.0,1.0,-1.0077252033553779,P1693,205,1.0,-1.9092666431754388
haze,1.0,1.0,-1.0077252033553779,P1960,101,0.2855100304361554,-3.059641652799325
haze,1.0,1.0,-1.0077252033553779,P2002,20,0.1892658832430108,0.7178100141676964
haze,1.0,1.0,-1.0077252033553779,P2045,20,0.1922641236203576,-6.2623796195255474
haze,1.0,1.0,-1.0077252033553779,P2210,212,0.147728895378999,3.757887282384336
haze,1.0,1.0,-1.0077252033553779,P2257,212,0.1400614052201771,-4.431120678661079
haze,1.0,1.0,-1.0077252033553779,P2278,220,0.1070233899130826,1.6961726678617888
haze,1.0,1.0,-1.0077252033553779,P2332,146,0.0395190521717434,1.8305272220529856
haze,1.0,1.0,-1.0077252033553779,P2352,146,0.0064771302600121,-0.1780756366915568
haze,1.0,1.0,-1.0077252033553779,P2456,220,0.0116196506472851,-1.1572081101382818
haze,1.0,1.0,-1.0077252033553779,P2528,168,0.0429674576844204,-1.86609036829008
haze,1.0,1.0,-1.0077252033553779,P2591,183,0.101886594741805,-1.1835231932628774
haze,1.0,1.0,-1.0077252033553779,P2613,197,0.2035315814130571,-6.50277438202946
haze,1.0,1.0,-1.0077252033553779,P2724,183,0.0467963435308104,0.769638618008045
haze,1.0,1.0,-1.0077252033553779,P2754,146,0.0014025569611475,2.939982000486405
haze,1.5,1.5,-2.808582539633451,P0063,205,0.2169434977309251,1.415784992668465
haze,1.5,1.5,-2.808582539633451,P0081,168,0.0814506313669715,-4.9778029780170545
haze,1.5,1.5,-2.808582539633451,P0198,168,0.399039183018783,-2.763981268282495
haze,1.5,1.5,-2.808582539633451,P0308,20,0.1158657718232868,-4.717047446176662
haze,1.5,1.5,-2.808582539633451,P0336,190,0.088923603207584,-7.482471131742726
haze,1.5,1.5,-2.808582539633451,P0345,197,0.0608586528242081,-5.298966136567861
haze,1.5,1.5,-2.808582539633451,P0363,79,0.1900062422856892,-5.139449723927488
haze,1.5,1.5,-2.808582539633451,P0368,20,0.1500851187742265,-4.637251222188975
haze,1.5,1.5,-2.808582539633451,P0377,20,0.1232502388911458,-6.258387510396313
haze,1.5,1.5,-2.808582539633451,P0452,20,0.0648649787772003,-3.107394345151543
haze,1.5,1.5,-2.808582539633451,P0517,220,0.1915323900407756,-4.431956449125676
haze,1.5,1.5,-2.808582539633451,P0565,212,0.0962445373253005,-7.821444265879798
haze,1.5,1.5,-2.808582539633451,P0649,131,0.3266607777727703,-7.0262679807065345
haze,1.5,1.5,-2.808582539633451,P0699,64,0.0941288378194152,-5.090403154460766
haze,1.5,1.5,-2.808582539633451,P0806,190,0.1361267241625193,-0.5201340422861457
haze,1.5,1.5,-2.808582539633451,P1003,212,0.1152380367416299,-9.016610855506356
haze,1.5,1.5,-2.808582539633451,P1029,212,0.1167434384883929,-4.483923359533043
haze,1.5,1.5,-2.808582539633451,P1148,20,0.0491050879864037,-0.5321723860237566
haze,1.5,1.5,-2.808582539633451,P1158,79,0.1409821351746732,-4.060893529948549
haze,1.5,1.5,-2.808582539633451,P1207,20,1.0,9.242750120530486
haze,1.5,1.5,-2.808582539633451,P1216,34,0.484761936538654,8.788338333859452
haze,1.5,1.5,-2.808582539633451,P1242,212,0.0887496494841373,1.9642796513223548
haze,1.5,1.5,-2.808582539633451,P1358,160,0.1546877110401395,0.4321711435852298
haze,1.5,1.5,-2.808582539633451,P1522,57,0.0977840362068311,-5.269196494591687
haze,1.5,1.5,-2.808582539633451,P1676,27,0.0185613395159625,0.2438110141413614
haze,1.5,1.5,-2.808582539633451,P1693,197,1.0,-3.709550039019778
haze,1.5,1.5,-2.808582539633451,P1960,116,0.2785542258318997,-4.856862293818967
haze,1.5,1.5,-2.808582539633451,P2002,20,0.1855161644569901,-1.080482782374186
haze,1.5,1.5,-2.808582539633451,P2045,20,0.1933909888827588,-8.051201993604842
haze,1.5,1.5,-2.808582539633451,P2210,205,0.1482401009128117,1.957582725170045
haze,1.5,1.5,-2.808582539633451,P2257,190,0.1350011310724287,-6.229889189073971
haze,1.5,1.5,-2.808582539633451,P2278,212,0.108402644790062,-0.102457797343696
haze,1.5,1.5,-2.808582539633451,P2332,146,0.0380614090327482,0.0312512240632204
haze,1.5,1.5,-2.808582539633451,P2352,153,0.0066606144685893,-1.976927502024134
haze,1.5,1.5,-2.808582539633451,P2456,212,0.0103345763159248,-2.955062425589803
haze,1.5,1.5,-2.808582539633451,P2528,160,0.0394430355711283,-3.663438216394943
haze,1.5,1.5,-2.808582539633451,P2591,168,0.1006042335512361,-2.9815562555769084
haze,1.5,1.5,-2.808582539633451,P2613,197,0.1997483771546772,-8.286569694697352
haze,1.5,1.5,-2.808582539633451,P2724,183,0.0461811539612594,-1.0302486023462831
haze,1.5,1.5,-2.808582539633451,P2754,146,0.0015228449165238,1.1407302816996128
haze,2.0,2.0,-3.745351966101456,P0063,197,0.2211093983047909,0.4818235707945951
haze,2.0,2.0,-3.745351966101456,P0081,175,0.0838824372636672,-5.929344072158042
haze,2.0,2.0,-3.745351966101456,P0198,168,0.4065137186266739,-3.696297975689572
haze,2.0,2.0,-3.745351966101456,P0308,20,0.1243882918645734,-5.65184546876044
haze,2.0,2.0,-3.745351966101456,P0336,175,0.0905550697322535,-8.415716496313214
haze,2.0,2.0,-3.745351966101456,P0345,190,0.0608108874726449,-6.232099885397023
haze,2.0,2.0,-3.745351966101456,P0363,108,0.195150266749383,-6.062311073805176
haze,2.0,2.0,-3.745351966101456,P0368,20,0.1535637409764339,-5.564358452434712
haze,2.0,2.0,-3.745351966101456,P0377,20,0.1391234228633658,-7.188952052611648
haze,2.0,2.0,-3.745351966101456,P0452,20,0.0637669688580598,-4.038984360388187
haze,2.0,2.0,-3.745351966101456,P0517,212,0.2065548324223585,-5.364663798490481
haze,2.0,2.0,-3.745351966101456,P0565,197,0.1040564883912001,-8.754796241711318
haze,2.0,2.0,-3.745351966101456,P0649,131,0.322700304272056,-7.946725574811411
haze,2.0,2.0,-3.745351966101456,P0699,27,0.0975597450240864,-6.02498639051031
haze,2.0,2.0,-3.745351966101456,P0806,183,0.1368352912875516,-1.4535407628758192
haze,2.0,2.0,-3.745351966101456,P1003,205,0.1195609389414273,-9.947708356917364
haze,2.0,2.0,-3.745351966101456,P1029,205,0.1105418142572966,-5.416695475099384
haze,2.0,2.0,-3.745351966101456,P1148,71,0.0530112809895812,-1.4665949750964753
haze,2.0,2.0,-3.745351966101456,P1158,146,0.0937186720226844,-4.994880729950063
haze,2.0,2.0,-3.745351966101456,P1207,27,1.0,8.203172773903809
haze,2.0,2.0,-3.745351966101456,P1216,34,0.3150960014091949,7.820576304007783
haze,2.0,2.0,-3.745351966101456,P1242,197,0.0827586206896551,1.0276772410505044
haze,2.0,2.0,-3.745351966101456,P1358,153,0.1258375473570086,-0.5035654998513757
haze,2.0,2.0,-3.745351966101456,P1522,86,0.1014611592470418,-6.2062216849659375
haze,2.0,2.0,-3.745351966101456,P1676,79,0.0180668559225252,-0.684643378333431
haze,2.0,2.0,-3.745351966101456,P1693,183,1.0,-4.649629614031485
haze,2.0,2.0,-3.745351966101456,P1960,131,0.2726676411544226,-5.790278337390608
haze,2.0,2.0,-3.745351966101456,P2002,20,0.1843167099275607,-2.014001555914583
haze,2.0,2.0,-3.745351966101456,P2045,20,0.1992402009904842,-8.98274535310346
haze,2.0,2.0,-3.745351966101456,P2210,197,0.139994800116557,1.023761393165845
haze,2.0,2.0,-3.745351966101456,P2257,175,0.1386819678948489,-7.1584781531260955
haze,2.0,2.0,-3.745351966101456,P2278,205,0.1131640471184606,-1.03625400596153
haze,2.0,2.0,-3.745351966101456,P2332,153,0.0433477259172159,-0.9024374379511846
haze,2.0,2.0,-3.745351966101456,P2352,138,0.0057878470257088,-2.9098595813212564
haze,2.0,2.0,-3.745351966101456,P2456,205,0.0103230007565093,-3.888079784141603
haze,2.0,2.0,-3.745351966101456,P2528,153,0.0340069959597907,-4.597145720463633
haze,2.0,2.0,-3.745351966101456,P2591,160,0.0999194057513231,-3.914795587531718
haze,2.0,2.0,-3.745351966101456,P2613,183,0.1955630772324592,-9.226302301663784
haze,2.0,2.0,-3.745351966101456,P2724,175,0.0499224441945823,-1.9633209705011945
haze,2.0,2.0,-3.745351966101456,P2754,138,0.0015002846522219,0.2071711822927556
haze,2.5,2.5,-4.268570215477657,P0063,190,0.2257500016405626,-0.0392655462716577
haze,2.5,2.5,-4.268570215477657,P0081,153,0.0865847857637611,-6.44623347633039
haze,2.5,2.5,-4.268570215477657,P0198,153,0.3894801406793034,-4.217477654028361
haze,2.5,2.5,-4.268570215477657,P0308,34,0.1279189870995297,-6.172731962841098
haze,2.5,2.5,-4.268570215477657,P0336,123,0.0936099216428581,-8.936414104286403
haze,2.5,2.5,-4.268570215477657,P0345,168,0.0619689875753721,-6.753706386369913
haze,2.5,2.5,-4.268570215477657,P0363,108,0.2033302749972362,-6.593880652539133
haze,2.5,2.5,-4.268570215477657,P0368,49,0.1636730854899877,-6.0892344052852945
haze,2.5,2.5,-4.268570215477657,P0377,20,0.1650952297294858,-7.718451983916386
haze,2.5,2.5,-4.268570215477657,P0452,20,0.0626364089232282,-4.554629711862026
haze,2.5,2.5,-4.268570215477657,P0517,197,0.2024336797361313,-5.8856946678921505
haze,2.5,2.5,-4.268570215477657,P0565,168,0.1004236739375774,-9.275489390786351
haze,2.5,2.5,-4.268570215477657,P0649,138,0.3152956479586847,-8.471774439962935
haze,2.5,2.5,-4.268570215477657,P0699,34,0.1058227871646754,-6.547492555320591
haze,2.5,2.5,-4.268570215477657,P0806,101,0.1305149890165563,-1.974576130506456
haze,2.5,2.5,-4.268570215477657,P1003,197,0.1181550799610361,-10.469921172420843
haze,2.5,2.5,-4.268570215477657,P1029,57,0.1071307514360301,-5.937331609481452
haze,2.5,2.5,-4.268570215477657,P1148,20,0.0410199726374311,-1.9879747124947496
haze,2.5,2.5,-4.268570215477657,P1158,146,0.0914890757193403,-5.515696595099239
haze,2.5,2.5,-4.268570215477657,P1207,49,1.0,7.635119217725437
haze,2.5,2.5,-4.268570215477657,P1216,86,0.2385173540276156,7.295009099793226
haze,2.5,2.5,-4.268570215477657,P1242,160,0.0972840075039226,0.5084271744256931
haze,2.5,2.5,-4.268570215477657,P1358,153,0.1149068780812465,-1.0259237392561882
haze,2.5,2.5,-4.268570215477657,P1522,131,0.0821247447724856,-6.727946084698971
haze,2.5,2.5,-4.268570215477657,P1676,27,0.0127326938010116,-1.2100551048203754
haze,2.5,2.5,-4.268570215477657,P1693,183,1.0,-5.174632740511188
haze,2.5,2.5,-4.268570215477657,P1960,123,0.2830045678049951,-6.30996569871607
haze,2.5,2.5,-4.268570215477657,P2002,42,0.1804884338400688,-2.5352195806301507
haze,2.5,2.5,-4.268570215477657,P2045,20,0.2031370064842931,-9.50322884322832
haze,2.5,2.5,-4.268570215477657,P2210,175,0.1122241659912735,0.5028003574439475
haze,2.5,2.5,-4.268570215477657,P2257,168,0.1419446562311107,-7.68305114347708
haze,2.5,2.5,-4.268570215477657,P2278,183,0.118632701439153,-1.557860609819552
haze,2.5,2.5,-4.268570215477657,P2332,153,0.0646612028585996,-1.4236184162396683
haze,2.5,2.5,-4.268570215477657,P2352,146,0.0063531584769931,-3.431012087393018
haze,2.5,2.5,-4.268570215477657,P2456,116,0.008067203519553,-4.409025274043776
haze,2.5,2.5,-4.268570215477657,P2528,101,0.0304930297359346,-5.11791520209812
haze,2.5,2.5,-4.268570215477657,P2591,138,0.0959175216543488,-4.4354132881462185
haze,2.5,2.5,-4.268570215477657,P2613,168,0.1951974582941575,-9.753197243840953
haze,2.5,2.5,-4.268570215477657,P2724,138,0.044470667571398,-2.4844134488842275
haze,2.5,2.5,-4.268570215477657,P2754,20,0.0020855994220142,-0.313708804995269
haze,3.0,3.0,-4.564046168308607,P0063,183,0.2206705691052698,-0.3405214673072442
haze,3.0,3.0,-4.564046168308607,P0081,146,0.0893816079790744,-6.753990740563961
haze,3.0,3.0,-4.564046168308607,P0198,138,0.4155129281425266,-4.519172235154825
haze,3.0,3.0,-4.564046168308607,P0308,71,0.1350345995618373,-6.475081317448388
haze,3.0,3.0,-4.564046168308607,P0336,94,0.1018226362658358,-9.236574701677489
haze,3.0,3.0,-4.564046168308607,P0345,153,0.0701554323623614,-7.053334298053388
haze,3.0,3.0,-4.564046168308607,P0363,71,0.2003502929338312,-6.891177929884708
haze,3.0,3.0,-4.564046168308607,P0368,34,0.1580372288523319,-6.394014235676593
haze,3.0,3.0,-4.564046168308607,P0377,20,0.1622950037737305,-8.016577441648254
haze,3.0,3.0,-4.564046168308607,P0452,20,0.0498701747746396,-4.862119632382384
haze,3.0,3.0,-4.564046168308607,P0517,175,0.156622377583814,-6.186984143942399
haze,3.0,3.0,-4.564046168308607,P0565,146,0.1016831984362042,-9.578842235859556
haze,3.0,3.0,-4.564046168308607,P0649,131,0.3311006172778412,-8.789646191771057
haze,3.0,3.0,-4.564046168308607,P0699,27,0.1030571888099484,-6.844715045885698
haze,3.0,3.0,-4.564046168308607,P0806,123,0.1205103053480382,-2.276295070284429
haze,3.0,3.0,-4.564046168308607,P1003,146,0.0873773315356323,-10.76565981722254
haze,3.0,3.0,-4.564046168308607,P1029,94,0.1211993176764753,-6.239208479526633
haze,3.0,3.0,-4.564046168308607,P1148,20,0.0329082123367092,-2.28850191757253
haze,3.0,3.0,-4.564046168308607,P1158,71,0.0588780088514288,-5.816520271289056
haze,3.0,3.0,-4.564046168308607,P1207,34,1.0,7.549653330920897
haze,3.0,3.0,-4.564046168308607,P1216,49,0.0484059422467033,7.036070236256017
haze,3.0,3.0,-4.564046168308607,P1242,20,0.0,0.1965581279511151
haze,3.0,3.0,-4.564046168308607,P1358,131,0.1406324150040014,-1.324456802364888
haze,3.0,3.0,-4.564046168308607,P1522,138,0.0941825887577551,-7.027910854028823
haze,3.0,3.0,-4.564046168308607,P1676,153,0.0105701528633243,-1.5124002810591255
haze,3.0,3.0,-4.564046168308607,P1693,175,1.0,-5.478578914823531
haze,3.0,3.0,-4.564046168308607,P1960,79,0.2774440699410881,-6.61095670316427
haze,3.0,3.0,-4.564046168308607,P2002,20,0.1791798137688506,-2.836374626600188
haze,3.0,3.0,-4.564046168308607,P2045,27,0.2081469353476038,-9.808527291807252
haze,3.0,3.0,-4.564046168308607,P2210,42,0.1206111793260035,0.2009017290919646
haze,3.0,3.0,-4.564046168308607,P2257,131,0.1341750356606106,-7.981104136230549
haze,3.0,3.0,-4.564046168308607,P2278,20,0.0143862082931352,-1.859477925139611
haze,3.0,3.0,-4.564046168308607,P2332,138,0.0977610183639899,-1.725239767634717
haze,3.0,3.0,-4.564046168308607,P2352,71,0.0092233950205197,-3.732413907995245
haze,3.0,3.0,-4.564046168308607,P2456,146,0.0119136496987413,-4.710043851043785
haze,3.0,3.0,-4.564046168308607,P2528,123,0.0334371991317973,-5.419063470719349
haze,3.0,3.0,-4.564046168308607,P2591,160,0.1044654524570166,-4.736694985989264
haze,3.0,3.0,-4.564046168308607,P2613,138,0.1698539986021106,-10.050942226844713
haze,3.0,3.0,-4.564046168308607,P2724,79,0.0287921585442503,-2.7860666967465297
haze,3.0,3.0,-4.564046168308607,P2754,20,0.0018445369915022,-0.6158405412213037
jpeg,1,1.0,14.156771236721948,P0063,205,0.1857148983298951,12.880987987334985
jpeg,1,1.0,14.156771236721948,P0081,34,0.0693649664934978,14.045896539021728
jpeg,1,1.0,14.156771236721948,P0198,108,0.3016654456623628,13.78651676991829
jpeg,1,1.0,14.156771236721948,P0308,20,0.1108124792777244,14.365189247537948
jpeg,1,1.0,14.156771236721948,P0336,79,0.0888952011411466,12.941758233226404
jpeg,1,1.0,14.156771236721948,P0345,131,0.0539423998313906,13.41815877502608
jpeg,1,1.0,14.156771236721948,P0363,57,0.1775979077490869,13.66072662833712
jpeg,1,1.0,14.156771236721948,P0368,20,0.1488589380498144,14.039362094042158
jpeg,1,1.0,14.156771236721948,P0377,101,0.0952646968880416,12.71685696798297
jpeg,1,1.0,14.156771236721948,P0452,20,0.0582359023071448,12.760745540251593
jpeg,1,1.0,14.156771236721948,P0517,183,0.1562343488462352,11.497973429717074
jpeg,1,1.0,14.156771236721948,P0565,183,0.1083925405466827,12.47421476731246
jpeg,1,1.0,14.156771236721948,P0649,108,0.2417676157446468,12.948701732098604
jpeg,1,1.0,14.156771236721948,P0699,20,0.0808319063024372,17.60623824247475
jpeg,1,1.0,14.156771236721948,P0806,101,0.0907139678068063,15.283626590737107
jpeg,1,1.0,14.156771236721948,P1003,175,0.0940725887723223,11.844528598254646
jpeg,1,1.0,14.156771236721948,P1029,175,0.1787746486458808,13.125964316633125
jpeg,1,1.0,14.156771236721948,P1148,20,0.0452279165822092,19.57404175651671
jpeg,1,1.0,14.156771236721948,P1158,131,0.0352607832694009,16.230063610418494
jpeg,1,1.0,14.156771236721948,P1207,57,1.0,11.959796701653444
jpeg,1,1.0,14.156771236721948,P1216,20,0.4765053157023206,16.511817152095663
jpeg,1,1.0,14.156771236721948,P1242,101,0.0537249577120114,22.176049414095537
jpeg,1,1.0,14.156771236721948,P1358,138,0.1186557899803689,16.8551497994027
jpeg,1,1.0,14.156771236721948,P1522,86,0.0455546550445445,13.90998162777426
jpeg,1,1.0,14.156771236721948,P1676,20,0.0079424164951708,12.86641705622386
jpeg,1,1.0,14.156771236721948,P1693,183,1.0,11.87820207737743
jpeg,1,1.0,14.156771236721948,P1960,146,0.3008103877582727,12.104370556866924
jpeg,1,1.0,14.156771236721948,P2002,183,0.2425862199717801,13.980686893327704
jpeg,1,1.0,14.156771236721948,P2045,27,0.1697390906506113,12.84029835412397
jpeg,1,1.0,14.156771236721948,P2210,123,0.1053594472077079,17.31171540937068
jpeg,1,1.0,14.156771236721948,P2257,27,0.1141172262392638,12.477786333566554
jpeg,1,1.0,14.156771236721948,P2278,146,0.1188807488816772,15.47051788661064
jpeg,1,1.0,14.156771236721948,P2332,57,0.0303977001944816,15.559262764021968
jpeg,1,1.0,14.156771236721948,P2352,20,0.0045383265007248,14.3263736278703
jpeg,1,1.0,14.156771236721948,P2456,131,0.0177795041735805,11.425592311697876
jpeg,1,1.0,14.156771236721948,P2528,20,0.0243884424436976,13.82672941577516
jpeg,1,1.0,14.156771236721948,P2591,108,0.0905488623629759,12.762892477303488
jpeg,1,1.0,14.156771236721948,P2613,138,0.2135436501593005,12.293558386398338
jpeg,1,1.0,14.156771236721948,P2724,138,0.0464427270780713,14.616442957536703
jpeg,1,1.0,14.156771236721948,P2754,20,0.0028321762982665,15.915656438942484
jpeg,3,3.0,14.437534838522705,P0063,205,0.1900590066172262,13.26597144651027
jpeg,3,3.0,14.437534838522705,P0081,34,0.067639804910691,14.327205621608607
jpeg,3,3.0,14.437534838522705,P0198,101,0.3104534947024641,14.23645499885524
jpeg,3,3.0,14.437534838522705,P0308,20,0.1144907034198347,14.591782061686898
jpeg,3,3.0,14.437534838522705,P0336,94,0.0922010903091349,13.228725369592524
jpeg,3,3.0,14.437534838522705,P0345,131,0.0609785510434175,13.650884831185682
jpeg,3,3.0,14.437534838522705,P0363,57,0.1822760890677461,13.943047174766216
jpeg,3,3.0,14.437534838522705,P0368,20,0.1518367495514109,14.322564474215271
jpeg,3,3.0,14.437534838522705,P0377,64,0.1006236796641052,12.850561137155095
jpeg,3,3.0,14.437534838522705,P0452,20,0.0598679198217523,13.13674623577696
jpeg,3,3.0,14.437534838522705,P0517,183,0.1475214896264465,11.875357942015674
jpeg,3,3.0,14.437534838522705,P0565,183,0.1098516441014161,12.671571168913491
jpeg,3,3.0,14.437534838522705,P0649,101,0.2444930924596015,13.19651833286214
jpeg,3,3.0,14.437534838522705,P0699,20,0.0831892965102141,18.04340194052235
jpeg,3,3.0,14.437534838522705,P0806,49,0.0973173719168075,15.582901859092535
jpeg,3,3.0,14.437534838522705,P1003,183,0.1049882690008773,12.153999444162125
jpeg,3,3.0,14.437534838522705,P1029,175,0.1698964256187863,13.491893305725958
jpeg,3,3.0,14.437534838522705,P1148,20,0.0450335848921134,19.65723681904055
jpeg,3,3.0,14.437534838522705,P1158,116,0.0301422761491925,16.30913732166165
jpeg,3,3.0,14.437534838522705,P1207,57,1.0,11.95996493382452
jpeg,3,3.0,14.437534838522705,P1216,20,0.4765053157023206,16.511966455284856
jpeg,3,3.0,14.437534838522705,P1242,175,0.0591269292334446,22.302436370903052
jpeg,3,3.0,14.437534838522705,P1358,131,0.103520851846811,17.127109356163313
jpeg,3,3.0,14.437534838522705,P1522,86,0.0429479836209489,14.01442495693778
jpeg,3,3.0,14.437534838522705,P1676,20,0.0094391791121065,12.888667495155858
jpeg,3,3.0,14.437534838522705,P1693,183,1.0,11.89917676676072
jpeg,3,3.0,14.437534838522705,P1960,146,0.298922044329684,12.494472471060412
jpeg,3,3.0,14.437534838522705,P2002,175,0.2393579760627953,14.424606798748435
jpeg,3,3.0,14.437534838522705,P2045,20,0.171395940199404,13.153590935202292
jpeg,3,3.0,14.437534838522705,P2210,108,0.1036995634413306,17.620211272002603
jpeg,3,3.0,14.437534838522705,P2257,27,0.1155728590213377,12.708355565484656
jpeg,3,3.0,14.437534838522705,P2278,131,0.1206602938801233,15.718446459341957
jpeg,3,3.0,14.437534838522705,P2332,49,0.0344378462115458,16.060658861486566
jpeg,3,3.0,14.437534838522705,P2352,20,0.0044414063561378,14.761401762237089
jpeg,3,3.0,14.437534838522705,P2456,131,0.0253052102178095,11.882895850381365
jpeg,3,3.0,14.437534838522705,P2528,20,0.0220124902275897,14.288779035568524
jpeg,3,3.0,14.437534838522705,P2591,94,0.0966915044303047,12.975312662317304
jpeg,3,3.0,14.437534838522705,P2613,123,0.2106137901077858,12.760416150328847
jpeg,3,3.0,14.437534838522705,P2724,146,0.0327546444896527,15.105169071196018
jpeg,3,3.0,14.437534838522705,P2754,20,0.0033267454282342,16.30736882517285
jpeg,5,5.0,16.218186348216353,P0063,205,0.2006706407517987,15.22161145451548
jpeg,5,5.0,16.218186348216353,P0081,131,0.0696058788452494,15.775098507539395
jpeg,5,5.0,16.218186348216353,P0198,94,0.3161728190532606,15.878326197566286
jpeg,5,5.0,16.218186348216353,P0308,20,0.1273193826905544,15.952630746108074
jpeg,5,5.0,16.218186348216353,P0336,42,0.0874360505295334,15.431466880626031
jpeg,5,5.0,16.218186348216353,P0345,94,0.0685457494869846,14.53950428938654
jpeg,5,5.0,16.218186348216353,P0363,27,0.1790864760976072,15.576651999312556
jpeg,5,5.0,16.218186348216353,P0368,34,0.1480458882353454,15.9470257720009
jpeg,5,5.0,16.218186348216353,P0377,123,0.1071687778767839,14.12145525354633
jpeg,5,5.0,16.218186348216353,P0452,20,0.042466023874479,15.096805790441554
jpeg,5,5.0,16.218186348216353,P0517,183,0.1582108513629979,13.43351321760471
jpeg,5,5.0,16.218186348216353,P0565,183,0.1083794073160344,14.011955715429384
jpeg,5,5.0,16.218186348216353,P0649,123,0.2750295329372535,13.190717904499484
jpeg,5,5.0,16.218186348216353,P0699,20,0.0804567122233096,18.06621235822788
jpeg,5,5.0,16.218186348216353,P0806,20,0.1013767675738367,17.71917025902127
jpeg,5,5.0,16.218186348216353,P1003,205,0.1162803884703561,12.67978034248666
jpeg,5,5.0,16.218186348216353,P1029,190,0.1703926298840303,15.07221957334967
jpeg,5,5.0,16.218186348216353,P1148,20,0.0441690849031561,21.040883551891124
jpeg,5,5.0,16.218186348216353,P1158,116,0.0282739511809455,18.266624290879236
jpeg,5,5.0,16.218186348216353,P1207,20,1.0,16.930029556698003
jpeg,5,5.0,16.218186348216353,P1216,108,0.0069261015082553,16.90300657359296
jpeg,5,5.0,16.218186348216353,P1242,20,0.0246889354678957,21.178403414143155
jpeg,5,5.0,16.218186348216353,P1358,116,0.0980373820108926,19.131413678333587
jpeg,5,5.0,16.218186348216353,P1522,101,0.090654384956469,17.687303158971865
jpeg,5,5.0,16.218186348216353,P1676,20,0.0149079406383382,19.293875891963268
jpeg,5,5.0,16.218186348216353,P1693,175,1.0,14.769208314827411
jpeg,5,5.0,16.218186348216353,P1960,131,0.3025552880767129,14.447599941828134
jpeg,5,5.0,16.218186348216353,P2002,190,0.2311657417103889,16.27117992282966
jpeg,5,5.0,16.218186348216353,P2045,20,0.1828274648786867,13.346643692433972
jpeg,5,5.0,16.218186348216353,P2210,94,0.0994105204295451,19.37819629131758
jpeg,5,5.0,16.218186348216353,P2257,34,0.0994451248853555,13.968331971125814
jpeg,5,5.0,16.218186348216353,P2278,153,0.1600886435684168,19.32560711462325
jpeg,5,5.0,16.218186348216353,P2332,86,0.0567115634706179,18.10339314345165
jpeg,5,5.0,16.218186348216353,P2352,20,0.0038948520661804,16.94038426637713
jpeg,5,5.0,16.218186348216353,P2456,108,0.0113443270785398,13.487981686354352
jpeg,5,5.0,16.218186348216353,P2528,116,0.0196563258336924,16.346366581736163
jpeg,5,5.0,16.218186348216353,P2591,20,0.1054265083613847,14.783873492259811
jpeg,5,5.0,16.218186348216353,P2613,131,0.2151910111225453,13.993518580810072
jpeg,5,5.0,16.218186348216353,P2724,94,0.0524110091246229,17.03796836631622
jpeg,5,5.0,16.218186348216353,P2754,20,0.0018174037926467,18.381514184227488
jpeg,10,10.0,19.688575281576988,P0063,212,0.2460399787107143,17.868933501102248
jpeg,10,10.0,19.688575281576988,P0081,79,0.0749701352334882,20.34971478443176
jpeg,10,10.0,19.688575281576988,P0198,146,0.4204708051362316,19.629713604371595
jpeg,10,10.0,19.688575281576988,P0308,27,0.1378679351909967,18.199097719838683
jpeg,10,10.0,19.688575281576988,P0336,64,0.0869895319315911,18.184490189943105
jpeg,10,10.0,19.688575281576988,P0345,20,0.0655751438836083,17.90844213567796
jpeg,10,10.0,19.688575281576988,P0363,57,0.1918390744363345,18.844970050267747
jpeg,10,10.0,19.688575281576988,P0368,27,0.1590297678423284,19.594530152161653
jpeg,10,10.0,19.688575281576988,P0377,34,0.1333708266356366,18.578662945511734
jpeg,10,10.0,19.688575281576988,P0452,20,0.0450558973942632,18.213906745601037
jpeg,10,10.0,19.688575281576988,P0517,212,0.1739482473331775,16.5387162125528
jpeg,10,10.0,19.688575281576988,P0565,183,0.1136223853299139,16.92375697752014
jpeg,10,10.0,19.688575281576988,P0649,123,0.3538080283291977,18.446600355969963
jpeg,10,10.0,19.688575281576988,P0699,20,0.0767578212332165,22.565134363335662
jpeg,10,10.0,19.688575281576988,P0806,49,0.1468078637019498,21.547781171493444
jpeg,10,10.0,19.688575281576988,P1003,205,0.0919271218729771,15.724882152700276
jpeg,10,10.0,19.688575281576988,P1029,197,0.1452269278302879,17.562564559269763
jpeg,10,10.0,19.688575281576988,P1148,20,0.025810482435813,24.80857672314382
jpeg,10,10.0,19.688575281576988,P1158,64,0.0824749853819828,21.475547780373564
jpeg,10,10.0,19.688575281576988,P1207,94,1.0,19.296192820912378
jpeg,10,10.0,19.688575281576988,P1216,116,0.2825093477357706,23.781773448300775
jpeg,10,10.0,19.688575281576988,P1242,116,0.0446047724511796,26.60247812052376
jpeg,10,10.0,19.688575281576988,P1358,101,0.130366492789949,22.361952911552777
jpeg,10,10.0,19.688575281576988,P1522,57,0.0761623637263521,21.621485566432096
jpeg,10,10.0,19.688575281576988,P1676,86,0.0226271279822782,23.349739914592163
jpeg,10,10.0,19.688575281576988,P1693,168,1.0,19.06188612044553
jpeg,10,10.0,19.688575281576988,P1960,116,0.3226878427161472,17.180789481701062
jpeg,10,10.0,19.688575281576988,P2002,183,0.2199101575005768,18.955062054807694
jpeg,10,10.0,19.688575281576988,P2045,57,0.1780617637735807,17.061994056725165
jpeg,10,10.0,19.688575281576988,P2210,131,0.1031826243231445,22.098891768561792
jpeg,10,10.0,19.688575281576988,P2257,20,0.1241480042003195,17.696956149205953
jpeg,10,10.0,19.688575281576988,P2278,160,0.1539099839490646,22.41815767529062
jpeg,10,10.0,19.688575281576988,P2332,71,0.0182682849616664,20.967059213276716
jpeg,10,10.0,19.688575281576988,P2352,20,0.0036726722855197,20.1870508345715
jpeg,10,10.0,19.688575281576988,P2456,20,0.00477875063675,15.80714766885624
jpeg,10,10.0,19.688575281576988,P2528,183,0.0257662388653039,19.38664827975415
jpeg,10,10.0,19.688575281576988,P2591,131,0.1020048739855652,18.197541684017175
jpeg,10,10.0,19.688575281576988,P2613,153,0.2093191245968843,17.552753995744837
jpeg,10,10.0,19.688575281576988,P2724,131,0.0406156210961559,19.611522741617165
jpeg,10,10.0,19.688575281576988,P2754,42,0.0027637532666669,21.379904630923065
jpeg,20,20.0,22.715415437378294,P0063,212,0.2431009729977945,20.376639941022717
jpeg,20,20.0,22.715415437378294,P0081,116,0.0765176293054393,23.47331064954517
jpeg,20,20.0,22.715415437378294,P0198,153,0.4469469011250194,22.468834630095465
jpeg,20,20.0,22.715415437378294,P0308,20,0.1266909050918276,21.53016601684499
jpeg,20,20.0,22.715415437378294,P0336,20,0.0843345165012143,20.734043521008164
jpeg,20,20.0,22.715415437378294,P0345,153,0.0620521909529835,21.049107413597056
jpeg,20,20.0,22.715415437378294,P0363,49,0.1977774879598164,21.728045277035683
jpeg,20,20.0,22.715415437378294,P0368,49,0.1505235064403727,22.533529544261203
jpeg,20,20.0,22.715415437378294,P0377,27,0.1524676355131545,21.50759680173979
jpeg,20,20.0,22.715415437378294,P0452,20,0.0471686853990738,20.94043901987664
jpeg,20,20.0,22.715415437378294,P0517,197,0.16956503419964,19.294538929362957
jpeg,20,20.0,22.715415437378294,P0565,197,0.1114522025263786,19.28769851181688
jpeg,20,20.0,22.715415437378294,P0649,116,0.39641921195657,21.837206411595982
jpeg,20,20.0,22.715415437378294,P0699,64,0.0776699776560479,24.92716465502648
jpeg,20,20.0,22.715415437378294,P0806,71,0.1502895296329792,24.99011355001749
jpeg,20,20.0,22.715415437378294,P1003,212,0.1005096332211995,18.064653417876674
jpeg,20,20.0,22.715415437378294,P1029,205,0.1381222918483248,19.96348648688414
jpeg,20,20.0,22.715415437378294,P1148,20,0.0312063816890197,30.104761783914014
jpeg,20,20.0,22.715415437378294,P1158,64,0.0877082633223974,25.85290708272054
jpeg,20,20.0,22.715415437378294,P1207,42,1.0,24.983149499516188
jpeg,20,20.0,22.715415437378294,P1216,94,0.1971933410640932,26.457134829149904
jpeg,20,20.0,22.715415437378294,P1242,175,0.0691793253568867,29.231745748318648
jpeg,20,20.0,22.715415437378294,P1358,108,0.1218137593605546,25.65586257139964
jpeg,20,20.0,22.715415437378294,P1522,64,0.1094345697806358,25.368669178257093
jpeg,20,20.0,22.715415437378294,P1676,86,0.0204007686619998,27.185127490310848
jpeg,20,20.0,22.715415437378294,P1693,168,1.0,23.05050531240977
jpeg,20,20.0,22.715415437378294,P1960,131,0.3239802390332788,19.795003452254925
jpeg,20,20.0,22.715415437378294,P2002,197,0.2230945280868023,21.535769174699382
jpeg,20,20.0,22.715415437378294,P2045,27,0.1803194882505211,19.4637342279256
jpeg,20,20.0,22.715415437378294,P2210,168,0.1126554270701835,24.798327485670548
jpeg,20,20.0,22.715415437378294,P2257,20,0.1300724491993167,19.778534962431618
jpeg,20,20.0,22.715415437378294,P2278,168,0.1527856174994407,25.330235074863516
jpeg,20,20.0,22.715415437378294,P2332,42,0.0211925181299742,23.851728931230976
jpeg,20,20.0,22.715415437378294,P2352,27,0.0051935295228562,23.38840983151254
jpeg,20,20.0,22.715415437378294,P2456,20,0.0049826659956831,18.076322110605545
jpeg,20,20.0,22.715415437378294,P2528,131,0.0238618320473678,22.667913430852607
jpeg,20,20.0,22.715415437378294,P2591,160,0.1022696610536285,20.716376749416977
jpeg,20,20.0,22.715415437378294,P2613,160,0.2004486507410731,20.15060517865489
jpeg,20,20.0,22.715415437378294,P2724,27,0.034335132173386,22.225657593058457
jpeg,20,20.0,22.715415437378294,P2754,27,0.0025721273501123,24.241561018350055
jpeg,40,40.0,25.44764178746442,P0063,212,0.2497901765715932,22.924803285579053
jpeg,40,40.0,25.44764178746442,P0081,123,0.0766636891112556,26.317025150234336
jpeg,40,40.0,25.44764178746442,P0198,153,0.4533505770312627,25.172585887770392
jpeg,40,40.0,25.44764178746442,P0308,20,0.1220500532931328,24.20549044584673
jpeg,40,40.0,25.44764178746442,P0336,79,0.0842144674586758,23.21306853483378
jpeg,40,40.0,25.44764178746442,P0345,153,0.0566794781220654,23.8031216232198
jpeg,40,40.0,25.44764178746442,P0363,42,0.1954411806930359,24.49305937905084
jpeg,40,40.0,25.44764178746442,P0368,34,0.1453611003441325,25.361427640426516
jpeg,40,40.0,25.44764178746442,P0377,20,0.138642695964739,24.324332917931628
jpeg,40,40.0,25.44764178746442,P0452,20,0.0475785208543302,23.47538997274068
jpeg,40,40.0,25.44764178746442,P0517,205,0.1684286422644469,21.907851470974865
jpeg,40,40.0,25.44764178746442,P0565,197,0.1139556910246511,21.288975380519947
jpeg,40,40.0,25.44764178746442,P0649,123,0.4199967298883469,24.47639088138517
jpeg,40,40.0,25.44764178746442,P0699,42,0.0866389433188023,27.215054497417796
jpeg,40,40.0,25.44764178746442,P0806,79,0.1462281021049937,27.921075144210626
jpeg,40,40.0,25.44764178746442,P1003,205,0.0959132629456869,20.332194670518273
jpeg,40,40.0,25.44764178746442,P1029,205,0.139352732597185,22.467518593843465
jpeg,40,40.0,25.44764178746442,P1148,27,0.0346253048122388,34.07143569434872
jpeg,40,40.0,25.44764178746442,P1158,49,0.086125070808419,29.530020418032535
jpeg,40,40.0,25.44764178746442,P1207,42,1.0,26.73341683379684
jpeg,40,40.0,25.44764178746442,P1216,71,0.1119799254339281,28.84449819724083
jpeg,40,40.0,25.44764178746442,P1242,160,0.0783569360120782,31.8289376846731
jpeg,40,40.0,25.44764178746442,P1358,101,0.1147544701276879,28.921777790877616
jpeg,40,40.0,25.44764178746442,P1522,64,0.1145729798395884,28.93415400882069
jpeg,40,40.0,25.44764178746442,P1676,71,0.0134473748078933,30.75755743569087
jpeg,40,40.0,25.44764178746442,P1693,168,1.0,26.776822791577256
jpeg,40,40.0,25.44764178746442,P1960,131,0.3185319464313443,22.40589246949206
jpeg,40,40.0,25.44764178746442,P2002,197,0.2228170398002429,24.200143461862567
jpeg,40,40.0,25.44764178746442,P2045,64,0.1832637121623311,21.76224141933286
jpeg,40,40.0,25.44764178746442,P2210,197,0.1100965804769363,27.566475827586917
jpeg,40,40.0,25.44764178746442,P2257,49,0.1248451114411015,21.82019373616256
jpeg,40,40.0,25.44764178746442,P2278,168,0.1482215267339374,28.173513029123697
jpeg,40,40.0,25.44764178746442,P2332,20,0.0180243466529894,26.67646366822526
jpeg,40,40.0,25.44764178746442,P2352,42,0.0066505677771078,26.342223346663232
jpeg,40,40.0,25.44764178746442,P2456,20,0.0049797393881737,20.46813611086044
jpeg,40,40.0,25.44764178746442,P2528,175,0.025109683571926,25.74160719666121
jpeg,40,40.0,25.44764178746442,P2591,168,0.1069074476260834,23.2465100738473
jpeg,40,40.0,25.44764178746442,P2613,168,0.2123329570845118,22.64444690649612
jpeg,40,40.0,25.44764178746442,P2724,101,0.0431707820663561,24.76323208379966
jpeg,40,40.0,25.44764178746442,P2754,34,0.0025029276291176,26.796605836900618
noise,5,5.0,18.419875122198725,P0063,212,0.2542093387762003,20.566753568071327
noise,5,5.0,18.419875122198725,P0081,220,0.0806174517295315,19.601950745599694
noise,5,5.0,18.419875122198725,P0198,168,0.3859957462192131,19.329875272249467
noise,5,5.0,18.419875122198725,P0308,20,0.1269706763191347,17.05627487510453
noise,5,5.0,18.419875122198725,P0336,153,0.090604535939331,17.506559115947873
noise,5,5.0,18.419875122198725,P0345,205,0.0611016995080499,16.963196855113416
noise,5,5.0,18.419875122198725,P0363,101,0.2012773200184633,18.477349299388827
noise,5,5.0,18.419875122198725,P0368,20,0.1575998805653645,18.615988047926862
noise,5,5.0,18.419875122198725,P0377,71,0.1286316157649045,18.25537532653967
noise,5,5.0,18.419875122198725,P0452,146,0.0627827987007205,19.645551282183973
noise,5,5.0,18.419875122198725,P0517,220,0.162629458915983,18.61078725642306
noise,5,5.0,18.419875122198725,P0565,212,0.107488414504057,16.985971182889653
noise,5,5.0,18.419875122198725,P0649,138,0.3314145321667905,16.843510332922285
noise,5,5.0,18.419875122198725,P0699,20,0.0971999773280613,18.960903032230064
noise,5,5.0,18.419875122198725,P0806,190,0.1099199881038026,19.732098322595107
noise,5,5.0,18.419875122198725,P1003,212,0.1160970376498541,17.24866190084238
noise,5,5.0,18.419875122198725,P1029,212,0.1461290953520657,18.613590791741473
noise,5,5.0,18.419875122198725,P1148,79,0.0408348061374667,19.930527772429414
noise,5,5.0,18.419875122198725,P1158,71,0.0863946803793855,18.319155723717667
noise,5,5.0,18.419875122198725,P1207,138,1.0,14.259903721277162
noise,5,5.0,18.419875122198725,P1216,64,0.1099347412354775,15.920886238471386
noise,5,5.0,18.419875122198725,P1242,190,0.1859714574281631,19.03489667129496
noise,5,5.0,18.419875122198725,P1358,160,0.115000742724391,18.820584935120145
noise,5,5.0,18.419875122198725,P1522,71,0.0515415712184145,16.25101246032057
noise,5,5.0,18.419875122198725,P1676,101,0.0180594635796026,15.741058735440651
noise,5,5.0,18.419875122198725,P1693,205,1.0,13.915175814532358
noise,5,5.0,18.419875122198725,P1960,116,0.2889388382123682,18.742692092680496
noise,5,5.0,18.419875122198725,P2002,64,0.2024836445691993,20.133232621864543
noise,5,5.0,18.419875122198725,P2045,20,0.1590058492637995,18.214729965318885
noise,5,5.0,18.419875122198725,P2210,212,0.1550390761179678,20.55719792704562
noise,5,5.0,18.419875122198725,P2257,42,0.1246346036894708,18.725603143275332
noise,5,5.0,18.419875122198725,P2278,205,0.1416749153249971,20.412009783960237
noise,5,5.0,18.419875122198725,P2332,190,0.0281672197546694,19.92722660303555
noise,5,5.0,18.419875122198725,P2352,183,0.0097537847741492,19.225308245121216
noise,5,5.0,18.419875122198725,P2456,220,0.0122495588082632,19.20821760957747
noise,5,5.0,18.419875122198725,P2528,71,0.0293754789204038,18.887584775389573
noise,5,5.0,18.419875122198725,P2591,190,0.0974994853242222,18.971423718160057
noise,5,5.0,18.419875122198725,P2613,190,0.2189234007415073,18.568217592373415
noise,5,5.0,18.419875122198725,P2724,153,0.0330128749793686,19.512336983364587
noise,5,5.0,18.419875122198725,P2754,160,0.0032888692836473,20.501624546408127
noise,10,10.0,15.975570212587229,P0063,212,0.2531193652466305,18.742131295188894
noise,10,10.0,15.975570212587229,P0081,220,0.0774525970142865,17.19792907797271
noise,10,10.0,15.975570212587229,P0198,175,0.381450645141918,17.0958169071601
noise,10,10.0,15.975570212587229,P0308,20,0.1234081252360143,14.410154618820808
noise,10,10.0,15.975570212587229,P0336,168,0.0904839474268884,14.654058758165265
noise,10,10.0,15.975570212587229,P0345,197,0.0590450501121801,14.275462975534754
noise,10,10.0,15.975570212587229,P0363,79,0.1988265321558522,16.04713287971518
noise,10,10.0,15.975570212587229,P0368,20,0.1589577475140789,16.21471716615758
noise,10,10.0,15.975570212587229,P0377,86,0.1285602563464638,15.726221869584029
noise,10,10.0,15.975570212587229,P0452,146,0.0641493069576774,17.462483401454378
noise,10,10.0,15.975570212587229,P0517,220,0.1619877164722416,16.217229010945434
noise,10,10.0,15.975570212587229,P0565,212,0.1026060985596608,14.123506960961496
noise,10,10.0,15.975570212587229,P0649,146,0.3321691087662564,13.494622679039669
noise,10,10.0,15.975570212587229,P0699,20,0.0964129654141753,16.603968385734444
noise,10,10.0,15.975570212587229,P0806,183,0.1087294991092987,17.734881175138113
noise,10,10.0,15.975570212587229,P1003,227,0.1161818280167221,14.14274256793374
noise,10,10.0,15.975570212587229,P1029,220,0.1467712512765855,16.18077583329825
noise,10,10.0,15.975570212587229,P1148,71,0.0422305055959689,17.940567974308838
noise,10,10.0,15.975570212587229,P1158,71,0.0830889437721303,15.989982099040718
noise,10,10.0,15.975570212587229,P1207,138,1.0,11.026884147270934
noise,10,10.0,15.975570212587229,P1216,79,0.108191139636819,13.09028608211332
noise,10,10.0,15.975570212587229,P1242,190,0.1870495662686377,16.994869847991673
noise,10,10.0,15.975570212587229,P1358,160,0.1157774128170304,16.679247699799525
noise,10,10.0,15.975570212587229,P1522,71,0.0503718336472727,13.42869843392161
noise,10,10.0,15.975570212587229,P1676,108,0.0189150174352593,12.824831910112309
noise,10,10.0,15.975570212587229,P1693,205,1.0,10.575950951187954
noise,10,10.0,15.975570212587229,P1960,116,0.2896126593627799,16.293099980088655
noise,10,10.0,15.975570212587229,P2002,57,0.2018226093036585,18.0896224084385
noise,10,10.0,15.975570212587229,P2045,20,0.1634568936926685,15.128994613008588
noise,10,10.0,15.975570212587229,P2210,197,0.146915976844118,18.79368214143526
noise,10,10.0,15.975570212587229,P2257,42,0.1238468860584458,16.175043171549056
noise,10,10.0,15.975570212587229,P2278,205,0.140403299607197,18.45460329814053
noise,10,10.0,15.975570212587229,P2332,190,0.0300262687145355,17.99544979659794
noise,10,10.0,15.975570212587229,P2352,183,0.0100279470469628,17.088828182594657
noise,10,10.0,15.975570212587229,P2456,220,0.0130437736361783,16.972547390331943
noise,10,10.0,15.975570212587229,P2528,86,0.0304568439379431,16.58086178911169
noise,10,10.0,15.975570212587229,P2591,190,0.0972755026085089,16.71792337876081
noise,10,10.0,15.975570212587229,P2613,190,0.2205912891075074,15.70723661730936
noise,10,10.0,15.975570212587229,P2724,160,0.0363352959682088,17.48303898830143
noise,10,10.0,15.975570212587229,P2754,160,0.0032819129363766,18.666722039269
noise,15,15.0,13.663546271537024,P0063,212,0.2510555641604164,16.792805448974576
noise,15,15.0,13.663546271537024,P0081,220,0.0754538052625325,14.866482846914144
noise,15,15.0,13.663546271537024,P0198,183,0.3840978362850972,14.896370767644528
noise,15,15.0,13.663546271537024,P0308,20,0.1237124364604332,11.9816595178402
noise,15,15.0,13.663546271537024,P0336,175,0.0887055356786792,12.17653470315012
noise,15,15.0,13.663546271537024,P0345,175,0.0603322346924851,11.830670071424716
noise,15,15.0,13.663546271537024,P0363,64,0.1957566274954066,13.714450259572455
noise,15,15.0,13.663546271537024,P0368,20,0.1588431082314335,13.894804867202144
noise,15,15.0,13.663546271537024,P0377,86,0.1277326676798046,13.33342086168036
noise,15,15.0,13.663546271537024,P0452,212,0.0688419517825862,15.281323932139422
noise,15,15.0,13.663546271537024,P0517,227,0.169325163155646,13.925469701333146
noise,15,15.0,13.663546271537024,P0565,212,0.0909087519250058,11.637177342563303
noise,15,15.0,13.663546271537024,P0649,153,0.3450728994888366,10.702297465752482
noise,15,15.0,13.663546271537024,P0699,20,0.094345956367993,14.301300333189069
noise,15,15.0,13.663546271537024,P0806,190,0.1067642063482679,15.661729107639104
noise,15,15.0,13.663546271537024,P1003,227,0.118705193317753,11.515370257984896
noise,15,15.0,13.663546271537024,P1029,220,0.1335850631628649,13.86600550200794
noise,15,15.0,13.663546271537024,P1148,64,0.0418548358621636,15.86680193884578
noise,15,15.0,13.663546271537024,P1158,79,0.0763857018929294,13.707629255174758
noise,15,15.0,13.663546271537024,P1207,64,1.0,8.337265131206351
noise,15,15.0,13.663546271537024,P1216,79,0.1753333005362326,10.546370864454456
noise,15,15.0,13.663546271537024,P1242,190,0.1757584670106698,14.887529325329204
noise,15,15.0,13.663546271537024,P1358,160,0.1138348905415137,14.508877267605952
noise,15,15.0,13.663546271537024,P1522,64,0.0586566417255576,10.897863189262168
noise,15,15.0,13.663546271537024,P1676,108,0.0183801881374913,10.24863065083126
noise,15,15.0,13.663546271537024,P1693,220,1.0,7.900503082520668
noise,15,15.0,13.663546271537024,P1960,123,0.2881921054650053,13.990417631103158
noise,15,15.0,13.663546271537024,P2002,42,0.2011726081870946,16.00633219633587
noise,15,15.0,13.663546271537024,P2045,20,0.1742984696791019,12.46548683296618
noise,15,15.0,13.663546271537024,P2210,197,0.1337079738299205,16.8769275470944
noise,15,15.0,13.663546271537024,P2257,34,0.1238350165577725,13.777043165674318
noise,15,15.0,13.663546271537024,P2278,212,0.1400116493982318,16.410449687904375
noise,15,15.0,13.663546271537024,P2332,197,0.0317183453092969,15.96084700182303
noise,15,15.0,13.663546271537024,P2352,183,0.0101269364546005,14.926554682836128
noise,15,15.0,13.663546271537024,P2456,220,0.0105025867802143,14.776817735331525
noise,15,15.0,13.663546271537024,P2528,94,0.0305181545271443,14.33068084219389
noise,15,15.0,13.663546271537024,P2591,197,0.0988094852065187,14.498144493903082
noise,15,15.0,13.663546271537024,P2613,197,0.2263423341461068,13.159233930742095
noise,15,15.0,13.663546271537024,P2724,153,0.0362371651180591,15.38285772606281
noise,15,15.0,13.663546271537024,P2754,160,0.0033389658668469,16.700713695266856
noise,25,25.0,10.108449678631985,P0063,220,0.2363159927388621,13.5048084556095
noise,25,25.0,10.108449678631985,P0081,190,0.0746841198506057,11.206910272753731
noise,25,25.0,10.108449678631985,P0198,175,0.4301769729052627,11.431360103326949
noise,25,25.0,10.108449678631985,P0308,20,0.1086983253088903,8.34461692993732
noise,25,25.0,10.108449678631985,P0336,160,0.0857646134863948,8.673947295821115
noise,25,25.0,10.108449678631985,P0345,175,0.0608501281534579,8.20256561181695
noise,25,25.0,10.108449678631985,P0363,86,0.2041424114019615,10.08979076671627
noise,25,25.0,10.108449678631985,P0368,27,0.1631112855924416,10.267919490072694
noise,25,25.0,10.108449678631985,P0377,20,0.1214322622952021,9.652850502415282
noise,25,25.0,10.108449678631985,P0452,101,0.0642691872474701,11.784677892222714
noise,25,25.0,10.108449678631985,P0517,220,0.2068748591204823,10.385480215679268
noise,25,25.0,10.108449678631985,P0565,212,0.0970179880905367,8.114747335798327
noise,25,25.0,10.108449678631985,P0649,131,0.3397053497244057,6.720480812046915
noise,25,25.0,10.108449678631985,P0699,20,0.1043480282350381,10.660372549665665
noise,25,25.0,10.108449678631985,P0806,197,0.1141286992488211,12.254726430688258
noise,25,25.0,10.108449678631985,P1003,227,0.1103717772506307,7.816025764107106
noise,25,25.0,10.108449678631985,P1029,220,0.0998035574570901,10.35115526369831
noise,25,25.0,10.108449678631985,P1148,27,0.0542608425689555,12.422029052156333
noise,25,25.0,10.108449678631985,P1158,71,0.0953152532373817,10.115979643531356
noise,25,25.0,10.108449678631985,P1207,20,1.0,4.732367585286502
noise,25,25.0,10.108449678631985,P1216,20,0.0,6.835401465952272
noise,25,25.0,10.108449678631985,P1242,20,0.0561678880671055,11.40649436472825
noise,25,25.0,10.108449678631985,P1358,160,0.1391147387346792,10.992545092466216
noise,25,25.0,10.108449678631985,P1522,34,0.0233291626170096,7.233206520021561
noise,25,25.0,10.108449678631985,P1676,20,0.0388268031201567,6.576728204306671
noise,25,25.0,10.108449678631985,P1693,220,1.0,4.356434473670643
noise,25,25.0,10.108449678631985,P1960,108,0.3696813766446418,10.454896832320532
noise,25,25.0,10.108449678631985,P2002,94,0.2105642335530246,12.61645090590527
noise,25,25.0,10.108449678631985,P2045,20,0.1897167332653734,8.59041952840807
noise,25,25.0,10.108449678631985,P2210,212,0.1176437991840649,13.589568375205769
noise,25,25.0,10.108449678631985,P2257,42,0.151328863430609,10.109261808004437
noise,25,25.0,10.108449678631985,P2278,212,0.1128607938984963,13.042293298374224
noise,25,25.0,10.108449678631985,P2332,197,0.028719372925648,12.563257648400723
noise,25,25.0,10.108449678631985,P2352,197,0.0103499080963945,11.44733846765272
noise,25,25.0,10.108449678631985,P2456,64,0.0058638481693032,11.31900364309873
noise,25,25.0,10.108449678631985,P2528,175,0.0305213628047022,10.806534867124878
noise,25,25.0,10.108449678631985,P2591,205,0.1042772492957837,10.991131578552288
noise,25,25.0,10.108449678631985,P2613,205,0.2768790112730812,9.37348864071137
noise,25,25.0,10.108449678631985,P2724,168,0.045899269168953,11.927110987673064
noise,25,25.0,10.108449678631985,P2754,20,0.0026349476988543,13.373608469351144
noise,35,35.0,7.606840899682929,P0063,212,0.2456015028114301,11.048568196713749
noise,35,35.0,7.606840899682929,P0081,79,0.0793755151847054,8.564251980221162
noise,35,35.0,7.606840899682929,P0198,71,0.3234179394019468,8.962329374289618
noise,35,35.0,7.606840899682929,P0308,20,0.0908706457836841,5.872112228888487
noise,35,35.0,7.606840899682929,P0336,20,0.1041174772094086,6.321857831587458
noise,35,35.0,7.606840899682929,P0345,42,0.0790126766781564,5.750366408922911
noise,35,35.0,7.606840899682929,P0363,27,0.2515031878156762,7.524264517105561
noise,35,35.0,7.606840899682929,P0368,20,0.1943201062155482,7.685492994232131
noise,35,35.0,7.606840899682929,P0377,20,0.0356857850022853,7.0693892481409275
noise,35,35.0,7.606840899682929,P0452,20,0.0598812862930554,9.247768995799662
noise,35,35.0,7.606840899682929,P0517,183,0.2259849664694207,7.898240342796321
noise,35,35.0,7.606840899682929,P0565,168,0.1068861420976036,5.732585071650208
noise,35,35.0,7.606840899682929,P0649,27,0.2784126003743635,4.020120765566498
noise,35,35.0,7.606840899682929,P0699,20,0.1085237926567048,8.031884146835937
noise,35,35.0,7.606840899682929,P0806,20,0.133266929372659,9.752746964185263
noise,35,35.0,7.606840899682929,P1003,220,0.0963045835223312,5.309191479392038
noise,35,35.0,7.606840899682929,P1029,20,0.090656000383139,7.9252876670846275
noise,35,35.0,7.606840899682929,P1148,20,0.0243445200873768,9.86422811538182
noise,35,35.0,7.606840899682929,P1158,20,0.1474336994961435,7.596510922962655
noise,35,35.0,7.606840899682929,P1207,20,1.0,2.457235977217895
noise,35,35.0,7.606840899682929,P1216,20,0.0,4.423860006043564
noise,35,35.0,7.606840899682929,P1242,79,0.1440399567320046,8.818687332292992
noise,35,35.0,7.606840899682929,P1358,20,0.1530006343828759,8.436669854810036
noise,35,35.0,7.606840899682929,P1522,20,0.0,4.836094459870875
noise,35,35.0,7.606840899682929,P1676,20,0.0010770059235325,4.204731345305023
noise,35,35.0,7.606840899682929,P1693,79,1.0,2.0787386105455727
noise,35,35.0,7.606840899682929,P1960,71,0.4652124363609133,7.967248691920599
noise,35,35.0,7.606840899682929,P2002,108,0.2588931544711898,10.125409065632144
noise,35,35.0,7.606840899682929,P2045,108,0.1821837772752558,5.900434693190877
noise,35,35.0,7.606840899682929,P2210,101,0.1390752874500954,11.097135733621831
noise,35,35.0,7.606840899682929,P2257,20,0.1391435149783723,7.532889420901691
noise,35,35.0,7.606840899682929,P2278,175,0.0956324752557209,10.564978628800102
noise,35,35.0,7.606840899682929,P2332,116,0.0832827025513673,10.046179274532005
noise,35,35.0,7.606840899682929,P2352,20,0.0008034892250366,8.939859766946354
noise,35,35.0,7.606840899682929,P2456,20,0.003478274535568,8.845014137401698
noise,35,35.0,7.606840899682929,P2528,168,0.020235201366533,8.313440924873545
noise,35,35.0,7.606840899682929,P2591,190,0.1220875442437811,8.496307777134128
noise,35,35.0,7.606840899682929,P2613,183,0.3525767951545074,6.723096329204116
noise,35,35.0,7.606840899682929,P2724,20,0.0387102041516468,9.397481110245389
noise,35,35.0,7.606840899682929,P2754,42,0.0032689026889074,10.89094559506968
noise,50,50.0,4.980252769363661,P0063,175,0.265498252459122,8.420981274281994
noise,50,50.0,4.980252769363661,P0081,42,0.0876838893741653,5.742045445268489
noise,50,50.0,4.980252769363661,P0198,20,0.1658363414121816,6.372664185148487
noise,50,50.0,4.980252769363661,P0308,20,0.0500018338659432,3.3457982474153103
noise,50,50.0,4.980252769363661,P0336,20,0.1067792905829818,3.817266105915387
noise,50,50.0,4.980252769363661,P0345,20,0.0801490057334512,3.233899461288223
noise,50,50.0,4.980252769363661,P0363,20,0.2564799409693494,4.847427646963676
noise,50,50.0,4.980252769363661,P0368,20,0.1752786408779569,4.984548867376802
noise,50,50.0,4.980252769363661,P0377,20,0.0018114894683085,4.383407127869971
noise,50,50.0,4.980252769363661,P0452,20,0.0430468347246465,6.559730406814958
noise,50,50.0,4.980252769363661,P0517,101,0.2300786702149281,5.299530746845117
noise,50,50.0,4.980252769363661,P0565,131,0.1197606737659802,3.207445463700939
noise,50,50.0,4.980252769363661,P0649,20,0.0771982461581599,1.198685409516268
noise,50,50.0,4.980252769363661,P0699,20,0.088921348849529,5.270684218328164
noise,50,50.0,4.980252769363661,P0806,20,0.1404090820423992,7.096314487272921
noise,50,50.0,4.980252769363661,P1003,108,0.1117695632216834,2.6347644987507053
noise,50,50.0,4.980252769363661,P1029,123,0.0916599353251946,5.385124305288029
noise,50,50.0,4.980252769363661,P1148,20,0.0230709218227961,7.164647521404321
noise,50,50.0,4.980252769363661,P1158,20,0.1477862793145738,5.016450166837698
noise,50,50.0,4.980252769363661,P1207,20,1.0,0.0615826783338469
noise,50,50.0,4.980252769363661,P1216,20,0.0,1.9967531047946827
noise,50,50.0,4.980252769363661,P1242,20,0.0915465762045257,6.0848033094447995
noise,50,50.0,4.980252769363661,P1358,20,0.0009346314325452,5.760237204532313
noise,50,50.0,4.980252769363661,P1522,20,0.0,2.392292725142042
noise,50,50.0,4.980252769363661,P1676,20,0.0,1.7773556563940107
noise,50,50.0,4.980252769363661,P1693,20,1.0,-0.3561990499188405
noise,50,50.0,4.980252769363661,P1960,27,0.5067540230200512,5.368404670308264
noise,50,50.0,4.980252769363661,P2002,64,0.2970483289133301,7.477305172744494
noise,50,50.0,4.980252769363661,P2045,20,0.1630105566927069,3.045400340762248
noise,50,50.0,4.980252769363661,P2210,42,0.2109161333712654,8.417491432910921
noise,50,50.0,4.980252769363661,P2257,20,0.1469204136102312,4.829972755911008
noise,50,50.0,4.980252769363661,P2278,20,0.0957067969711619,7.925426993026543
noise,50,50.0,4.980252769363661,P2332,20,0.086876270477853,7.384516854645794
noise,50,50.0,4.980252769363661,P2352,20,0.0,6.305120693691312
noise,50,50.0,4.980252769363661,P2456,108,0.0044413141882371,6.232592206623085
noise,50,50.0,4.980252769363661,P2528,116,0.0208183815472337,5.716742859358506
noise,50,50.0,4.980252769363661,P2591,20,0.1081746846631013,5.895345580959301
noise,50,50.0,4.980252769363661,P2613,101,0.4113798128590639,3.9176376769619137
noise,50,50.0,4.980252769363661,P2724,20,0.0290459027181964,6.740637879054518
noise,50,50.0,4.980252769363661,P2754,20,0.0019862231777111,8.255274442578191
