distortion,level,level_numeric,snr_db_mean,class_id,class_name,n_gt,n_pred,ap_iou50
haze,0.5,0.5,3.141872703484021,0,plane,48,44,0.8522380820399111
haze,0.5,0.5,3.141872703484021,1,ship,6,8,0.9285714285714284
haze,0.5,0.5,3.141872703484021,2,storage-tank,15,22,0.8250377073906485
haze,0.5,0.5,3.141872703484021,3,baseball-diamond,11,9,0.7272727272727273
haze,0.5,0.5,3.141872703484021,4,tennis-court,87,88,0.9651115618661256
haze,0.5,0.5,3.141872703484021,5,basketball-court,6,5,0.8333333333333334
haze,0.5,0.5,3.141872703484021,6,ground-track-field,9,6,0.6666666666666666
haze,0.5,0.5,3.141872703484021,7,harbor,48,44,0.79494191994192
haze,0.5,0.5,3.141872703484021,8,bridge,10,10,0.9
haze,0.5,0.5,3.141872703484021,9,large-vehicle,57,79,0.6681043673748013
haze,0.5,0.5,3.141872703484021,10,small-vehicle,175,145,0.6888903415216707
haze,0.5,0.5,3.141872703484021,11,helicopter,0,0,
haze,0.5,0.5,3.141872703484021,12,roundabout,5,2,0.4
haze,0.5,0.5,3.141872703484021,13,soccer-ball-field,7,4,0.5714285714285714
haze,0.5,0.5,3.141872703484021,14,swimming-pool,64,14,0.1826923076923077
haze,1.0,1.0,-1.0077252033553779,0,plane,48,46,0.8939393939393939
haze,1.0,1.0,-1.0077252033553779,1,ship,6,7,0.7380952380952381
haze,1.0,1.0,-1.0077252033553779,2,storage-tank,15,23,0.8667379679144386
haze,1.0,1.0,-1.0077252033553779,3,baseball-diamond,11,8,0.7272727272727273
haze,1.0,1.0,-1.0077252033553779,4,tennis-court,87,87,0.9651115618661256
haze,1.0,1.0,-1.0077252033553779,5,basketball-court,6,5,0.8333333333333334
haze,1.0,1.0,-1.0077252033553779,6,ground-track-field,9,7,0.7777777777777778
haze,1.0,1.0,-1.0077252033553779,7,harbor,48,44,0.7915635415635417
haze,1.0,1.0,-1.0077252033553779,8,bridge,10,9,0.9
haze,1.0,1.0,-1.0077252033553779,9,large-vehicle,57,78,0.6821421468538721
haze,1.0,1.0,-1.0077252033553779,10,small-vehicle,175,145,0.6864178233545039
haze,1.0,1.0,-1.0077252033553779,11,helicopter,0,0,
haze,1.0,1.0,-1.0077252033553779,12,roundabout,5,2,0.4
haze,1.0,1.0,-1.0077252033553779,13,soccer-ball-field,7,4,0.5714285714285714
haze,1.0,1.0,-1.0077252033553779,14,swimming-pool,64,14,0.1802884615384615
haze,1.5,1.5,-2.808582539633451,0,plane,48,50,0.89258069828722
haze,1.5,1.5,-2.808582539633451,1,ship,6,7,0.7380952380952381
haze,1.5,1.5,-2.808582539633451,2,storage-tank,15,23,0.860479797979798
haze,1.5,1.5,-2.808582539633451,3,baseball-diamond,11,9,0.7272727272727273
haze,1.5,1.5,-2.808582539633451,4,tennis-court,87,87,0.9649763353617308
haze,1.5,1.5,-2.808582539633451,5,basketball-court,6,5,0.8333333333333334
haze,1.5,1.5,-2.808582539633451,6,ground-track-field,9,8,0.8888888888888888
haze,1.5,1.5,-2.808582539633451,7,harbor,48,44,0.7919962645572403
haze,1.5,1.5,-2.808582539633451,8,bridge,10,9,0.9
haze,1.5,1.5,-2.808582539633451,9,large-vehicle,57,79,0.691392240410069
haze,1.5,1.5,-2.808582539633451,10,small-vehicle,175,141,0.6708251274423905
haze,1.5,1.5,-2.808582539633451,11,helicopter,0,0,
haze,1.5,1.5,-2.808582539633451,12,roundabout,5,2,0.2
haze,1.5,1.5,-2.808582539633451,13,soccer-ball-field,7,4,0.5714285714285714
haze,1.5,1.5,-2.808582539633451,14,swimming-pool,64,14,0.1814903846153846
haze,2.0,2.0,-3.745351966101456,0,plane,48,51,0.8883415587303941
haze,2.0,2.0,-3.745351966101456,1,ship,6,5,0.6
haze,2.0,2.0,-3.745351966101456,2,storage-tank,15,23,0.8745098039215687
haze,2.0,2.0,-3.745351966101456,3,baseball-diamond,11,10,0.6136363636363636
haze,2.0,2.0,-3.745351966101456,4,tennis-court,87,87,0.9651115618661256
haze,2.0,2.0,-3.745351966101456,5,basketball-court,6,6,1.0
haze,2.0,2.0,-3.745351966101456,6,ground-track-field,9,8,0.8888888888888888
haze,2.0,2.0,-3.745351966101456,7,harbor,48,45,0.7941949155363789
haze,2.0,2.0,-3.745351966101456,8,bridge,10,9,0.9
haze,2.0,2.0,-3.745351966101456,9,large-vehicle,57,79,0.6945609546168826
haze,2.0,2.0,-3.745351966101456,10,small-vehicle,175,144,0.6515631237204561
haze,2.0,2.0,-3.745351966101456,11,helicopter,0,0,
haze,2.0,2.0,-3.745351966101456,12,roundabout,5,2,0.2
haze,2.0,2.0,-3.745351966101456,13,soccer-ball-field,7,5,0.5714285714285714
haze,2.0,2.0,-3.745351966101456,14,swimming-pool,64,18,0.2057959401709402
haze,2.5,2.5,-4.268570215477657,0,plane,48,52,0.8847685185185185
haze,2.5,2.5,-4.268570215477657,1,ship,6,4,0.4166666666666666
haze,2.5,2.5,-4.268570215477657,2,storage-tank,15,23,0.8949749940462015
haze,2.5,2.5,-4.268570215477657,3,baseball-diamond,11,3,0.1818181818181818
haze,2.5,2.5,-4.268570215477657,4,tennis-court,87,86,0.9533388067870828
haze,2.5,2.5,-4.268570215477657,5,basketball-court,6,6,0.8333333333333334
haze,2.5,2.5,-4.268570215477657,6,ground-track-field,9,8,0.7777777777777778
haze,2.5,2.5,-4.268570215477657,7,harbor,48,43,0.7727721742619996
haze,2.5,2.5,-4.268570215477657,8,bridge,10,8,0.8
haze,2.5,2.5,-4.268570215477657,9,large-vehicle,57,79,0.7445545851967589
haze,2.5,2.5,-4.268570215477657,10,small-vehicle,175,150,0.6715494627600824
haze,2.5,2.5,-4.268570215477657,11,helicopter,0,0,
haze,2.5,2.5,-4.268570215477657,12,roundabout,5,2,0.4
haze,2.5,2.5,-4.268570215477657,13,soccer-ball-field,7,4,0.5714285714285714
haze,2.5,2.5,-4.268570215477657,14,swimming-pool,64,15,0.2104166666666667
haze,3.0,3.0,-4.564046168308607,0,plane,48,55,0.8779283216783218
haze,3.0,3.0,-4.564046168308607,1,ship,6,6,0.3777777777777777
haze,3.0,3.0,-4.564046168308607,2,storage-tank,15,3,0.0666666666666666
haze,3.0,3.0,-4.564046168308607,3,baseball-diamond,11,5,0.3090909090909091
haze,3.0,3.0,-4.564046168308607,4,tennis-court,87,84,0.941555677187861
haze,3.0,3.0,-4.564046168308607,5,basketball-court,6,4,0.5
haze,3.0,3.0,-4.564046168308607,6,ground-track-field,9,5,0.5555555555555556
haze,3.0,3.0,-4.564046168308607,7,harbor,48,42,0.6840335381464414
haze,3.0,3.0,-4.564046168308607,8,bridge,10,7,0.7
haze,3.0,3.0,-4.564046168308607,9,large-vehicle,57,81,0.7426743660964663
haze,3.0,3.0,-4.564046168308607,10,small-vehicle,175,133,0.6210995526796214
haze,3.0,3.0,-4.564046168308607,11,helicopter,0,0,
haze,3.0,3.0,-4.564046168308607,12,roundabout,5,1,0.2
haze,3.0,3.0,-4.564046168308607,13,soccer-ball-field,7,3,0.2857142857142857
haze,3.0,3.0,-4.564046168308607,14,swimming-pool,64,14,0.1802884615384615
jpeg,1,1.0,14.156771236721948,0,plane,48,57,0.9118827160493828
jpeg,1,1.0,14.156771236721948,1,ship,6,15,0.3492063492063492
jpeg,1,1.0,14.156771236721948,2,storage-tank,15,2,0.0333333333333333
jpeg,1,1.0,14.156771236721948,3,baseball-diamond,11,0,0.0
jpeg,1,1.0,14.156771236721948,4,tennis-court,87,18,0.2068965517241379
jpeg,1,1.0,14.156771236721948,5,basketball-court,6,0,0.0
jpeg,1,1.0,14.156771236721948,6,ground-track-field,9,0,0.0
jpeg,1,1.0,14.156771236721948,7,harbor,48,33,0.3497235849537289
jpeg,1,1.0,14.156771236721948,8,bridge,10,5,0.38
jpeg,1,1.0,14.156771236721948,9,large-vehicle,57,54,0.7241046302398811
jpeg,1,1.0,14.156771236721948,10,small-vehicle,175,61,0.3004831787260358
jpeg,1,1.0,14.156771236721948,11,helicopter,0,0,
jpeg,1,1.0,14.156771236721948,12,roundabout,5,0,0.0
jpeg,1,1.0,14.156771236721948,13,soccer-ball-field,7,0,0.0
jpeg,1,1.0,14.156771236721948,14,swimming-pool,64,233,0.0109273192551278
jpeg,3,3.0,14.437534838522705,0,plane,48,48,0.8934539190353145
jpeg,3,3.0,14.437534838522705,1,ship,6,8,0.2916666666666666
jpeg,3,3.0,14.437534838522705,2,storage-tank,15,5,0.1511111111111111
jpeg,3,3.0,14.437534838522705,3,baseball-diamond,11,0,0.0
jpeg,3,3.0,14.437534838522705,4,tennis-court,87,20,0.2183908045977011
jpeg,3,3.0,14.437534838522705,5,basketball-court,6,0,0.0
jpeg,3,3.0,14.437534838522705,6,ground-track-field,9,0,0.0
jpeg,3,3.0,14.437534838522705,7,harbor,48,35,0.4313289141414141
jpeg,3,3.0,14.437534838522705,8,bridge,10,7,0.4514285714285714
jpeg,3,3.0,14.437534838522705,9,large-vehicle,57,60,0.7342808887219967
jpeg,3,3.0,14.437534838522705,10,small-vehicle,175,68,0.3446606134307747
jpeg,3,3.0,14.437534838522705,11,helicopter,0,0,
jpeg,3,3.0,14.437534838522705,12,roundabout,5,0,0.0
jpeg,3,3.0,14.437534838522705,13,soccer-ball-field,7,0,0.0
jpeg,3,3.0,14.437534838522705,14,swimming-pool,64,223,0.0127653692224362
jpeg,5,5.0,16.218186348216353,0,plane,48,49,0.9148633945841392
jpeg,5,5.0,16.218186348216353,1,ship,6,21,0.2676767676767677
jpeg,5,5.0,16.218186348216353,2,storage-tank,15,4,0.2
jpeg,5,5.0,16.218186348216353,3,baseball-diamond,11,0,0.0
jpeg,5,5.0,16.218186348216353,4,tennis-court,87,45,0.4691533755086281
jpeg,5,5.0,16.218186348216353,5,basketball-court,6,2,0.3333333333333333
jpeg,5,5.0,16.218186348216353,6,ground-track-field,9,0,0.0
jpeg,5,5.0,16.218186348216353,7,harbor,48,42,0.5481541892273495
jpeg,5,5.0,16.218186348216353,8,bridge,10,11,0.6777777777777778
jpeg,5,5.0,16.218186348216353,9,large-vehicle,57,69,0.8288900146554867
jpeg,5,5.0,16.218186348216353,10,small-vehicle,175,91,0.4486083807209763
jpeg,5,5.0,16.218186348216353,11,helicopter,0,0,
jpeg,5,5.0,16.218186348216353,12,roundabout,5,1,0.2
jpeg,5,5.0,16.218186348216353,13,soccer-ball-field,7,1,0.1428571428571428
jpeg,5,5.0,16.218186348216353,14,swimming-pool,64,389,0.0545457090192998
jpeg,10,10.0,19.688575281576988,0,plane,48,54,0.9058298568715236
jpeg,10,10.0,19.688575281576988,1,ship,6,6,0.1666666666666666
jpeg,10,10.0,19.688575281576988,2,storage-tank,15,6,0.4
jpeg,10,10.0,19.688575281576988,3,baseball-diamond,11,3,0.2727272727272727
jpeg,10,10.0,19.688575281576988,4,tennis-court,87,84,0.7413396717408742
jpeg,10,10.0,19.688575281576988,5,basketball-court,6,2,0.3333333333333333
jpeg,10,10.0,19.688575281576988,6,ground-track-field,9,5,0.5555555555555556
jpeg,10,10.0,19.688575281576988,7,harbor,48,39,0.6696221200297288
jpeg,10,10.0,19.688575281576988,8,bridge,10,10,0.78
jpeg,10,10.0,19.688575281576988,9,large-vehicle,57,72,0.8010979964899154
jpeg,10,10.0,19.688575281576988,10,small-vehicle,175,130,0.577844213856189
jpeg,10,10.0,19.688575281576988,11,helicopter,0,0,
jpeg,10,10.0,19.688575281576988,12,roundabout,5,2,0.4
jpeg,10,10.0,19.688575281576988,13,soccer-ball-field,7,5,0.2857142857142857
jpeg,10,10.0,19.688575281576988,14,swimming-pool,64,86,0.0011807026836158
jpeg,20,20.0,22.715415437378294,0,plane,48,47,0.8926172822449419
jpeg,20,20.0,22.715415437378294,1,ship,6,7,0.3055555555555556
jpeg,20,20.0,22.715415437378294,2,storage-tank,15,7,0.4666666666666667
jpeg,20,20.0,22.715415437378294,3,baseball-diamond,11,6,0.4393939393939394
jpeg,20,20.0,22.715415437378294,4,tennis-court,87,62,0.688713020538911
jpeg,20,20.0,22.715415437378294,5,basketball-court,6,4,0.5
jpeg,20,20.0,22.715415437378294,6,ground-track-field,9,5,0.5555555555555556
jpeg,20,20.0,22.715415437378294,7,harbor,48,40,0.7575091575091576
jpeg,20,20.0,22.715415437378294,8,bridge,10,8,0.8
jpeg,20,20.0,22.715415437378294,9,large-vehicle,57,72,0.7889247540376357
jpeg,20,20.0,22.715415437378294,10,small-vehicle,175,119,0.5825976015378348
jpeg,20,20.0,22.715415437378294,11,helicopter,0,0,
jpeg,20,20.0,22.715415437378294,12,roundabout,5,2,0.4
jpeg,20,20.0,22.715415437378294,13,soccer-ball-field,7,4,0.2857142857142857
jpeg,20,20.0,22.715415437378294,14,swimming-pool,64,14,0.078125
jpeg,40,40.0,25.44764178746442,0,plane,48,52,0.8899199381536338
jpeg,40,40.0,25.44764178746442,1,ship,6,5,0.3222222222222222
jpeg,40,40.0,25.44764178746442,2,storage-tank,15,9,0.5259259259259259
jpeg,40,40.0,25.44764178746442,3,baseball-diamond,11,8,0.7272727272727273
jpeg,40,40.0,25.44764178746442,4,tennis-court,87,73,0.7931034482758621
jpeg,40,40.0,25.44764178746442,5,basketball-court,6,3,0.5
jpeg,40,40.0,25.44764178746442,6,ground-track-field,9,5,0.5555555555555556
jpeg,40,40.0,25.44764178746442,7,harbor,48,45,0.8128986646428507
jpeg,40,40.0,25.44764178746442,8,bridge,10,10,0.8
jpeg,40,40.0,25.44764178746442,9,large-vehicle,57,74,0.7588632785840238
jpeg,40,40.0,25.44764178746442,10,small-vehicle,175,119,0.5850127255812528
jpeg,40,40.0,25.44764178746442,11,helicopter,0,0,
jpeg,40,40.0,25.44764178746442,12,roundabout,5,1,0.2
jpeg,40,40.0,25.44764178746442,13,soccer-ball-field,7,2,0.2857142857142857
jpeg,40,40.0,25.44764178746442,14,swimming-pool,64,8,0.0416666666666666
noise,5,5.0,18.419875122198725,0,plane,48,78,0.8608270202020202
noise,5,5.0,18.419875122198725,1,ship,6,9,0.4583333333333333
noise,5,5.0,18.419875122198725,2,storage-tank,15,8,0.5333333333333333
noise,5,5.0,18.419875122198725,3,baseball-diamond,11,5,0.4545454545454545
noise,5,5.0,18.419875122198725,4,tennis-court,87,55,0.619435736677116
noise,5,5.0,18.419875122198725,5,basketball-court,6,2,0.3333333333333333
noise,5,5.0,18.419875122198725,6,ground-track-field,9,3,0.3333333333333333
noise,5,5.0,18.419875122198725,7,harbor,48,42,0.7179319827346142
noise,5,5.0,18.419875122198725,8,bridge,10,10,0.7333333333333333
noise,5,5.0,18.419875122198725,9,large-vehicle,57,100,0.6444685344408335
noise,5,5.0,18.419875122198725,10,small-vehicle,175,163,0.5771810734552107
noise,5,5.0,18.419875122198725,11,helicopter,0,0,
noise,5,5.0,18.419875122198725,12,roundabout,5,1,0.2
noise,5,5.0,18.419875122198725,13,soccer-ball-field,7,2,0.2857142857142857
noise,5,5.0,18.419875122198725,14,swimming-pool,64,19,0.2440241228070175
noise,10,10.0,15.975570212587229,0,plane,48,83,0.8604998104924696
noise,10,10.0,15.975570212587229,1,ship,6,10,0.5277777777777777
noise,10,10.0,15.975570212587229,2,storage-tank,15,5,0.3333333333333333
noise,10,10.0,15.975570212587229,3,baseball-diamond,11,4,0.3636363636363636
noise,10,10.0,15.975570212587229,4,tennis-court,87,56,0.6305418719211823
noise,10,10.0,15.975570212587229,5,basketball-court,6,2,0.3333333333333333
noise,10,10.0,15.975570212587229,6,ground-track-field,9,3,0.3333333333333333
noise,10,10.0,15.975570212587229,7,harbor,48,44,0.6969193817878027
noise,10,10.0,15.975570212587229,8,bridge,10,11,0.7333333333333333
noise,10,10.0,15.975570212587229,9,large-vehicle,57,95,0.6493184310128242
noise,10,10.0,15.975570212587229,10,small-vehicle,175,153,0.5565149451853525
noise,10,10.0,15.975570212587229,11,helicopter,0,0,
noise,10,10.0,15.975570212587229,12,roundabout,5,1,0.2
noise,10,10.0,15.975570212587229,13,soccer-ball-field,7,2,0.2857142857142857
noise,10,10.0,15.975570212587229,14,swimming-pool,64,17,0.232421875
noise,15,15.0,13.663546271537024,0,plane,48,69,0.8632365387178461
noise,15,15.0,13.663546271537024,1,ship,6,10,0.4166666666666666
noise,15,15.0,13.663546271537024,2,storage-tank,15,4,0.2666666666666666
noise,15,15.0,13.663546271537024,3,baseball-diamond,11,3,0.2727272727272727
noise,15,15.0,13.663546271537024,4,tennis-court,87,58,0.6533888228299642
noise,15,15.0,13.663546271537024,5,basketball-court,6,2,0.3333333333333333
noise,15,15.0,13.663546271537024,6,ground-track-field,9,2,0.2222222222222222
noise,15,15.0,13.663546271537024,7,harbor,48,42,0.7270130131641872
noise,15,15.0,13.663546271537024,8,bridge,10,8,0.6499999999999999
noise,15,15.0,13.663546271537024,9,large-vehicle,57,94,0.6458922795359203
noise,15,15.0,13.663546271537024,10,small-vehicle,175,138,0.5110377941427926
noise,15,15.0,13.663546271537024,11,helicopter,0,0,
noise,15,15.0,13.663546271537024,12,roundabout,5,1,0.2
noise,15,15.0,13.663546271537024,13,soccer-ball-field,7,2,0.2857142857142857
noise,15,15.0,13.663546271537024,14,swimming-pool,64,15,0.2177083333333333
noise,25,25.0,10.108449678631985,0,plane,48,45,0.8944229112833765
noise,25,25.0,10.108449678631985,1,ship,6,9,0.3222222222222222
noise,25,25.0,10.108449678631985,2,storage-tank,15,5,0.3333333333333333
noise,25,25.0,10.108449678631985,3,baseball-diamond,11,1,0.0909090909090909
noise,25,25.0,10.108449678631985,4,tennis-court,87,67,0.7323758363355636
noise,25,25.0,10.108449678631985,5,basketball-court,6,0,0.0
noise,25,25.0,10.108449678631985,6,ground-track-field,9,2,0.2222222222222222
noise,25,25.0,10.108449678631985,7,harbor,48,41,0.6473504236411846
noise,25,25.0,10.108449678631985,8,bridge,10,0,0.0
noise,25,25.0,10.108449678631985,9,large-vehicle,57,82,0.6270359085658608
noise,25,25.0,10.108449678631985,10,small-vehicle,175,127,0.5356991462363504
noise,25,25.0,10.108449678631985,11,helicopter,0,0,
noise,25,25.0,10.108449678631985,12,roundabout,5,1,0.2
noise,25,25.0,10.108449678631985,13,soccer-ball-field,7,3,0.238095238095238
noise,25,25.0,10.108449678631985,14,swimming-pool,64,7,0.109375
noise,35,35.0,7.606840899682929,0,plane,48,41,0.8093709884467266
noise,35,35.0,7.606840899682929,1,ship,6,20,0.3232323232323232
noise,35,35.0,7.606840899682929,2,storage-tank,15,5,0.2666666666666666
noise,35,35.0,7.606840899682929,3,baseball-diamond,11,0,0.0
noise,35,35.0,7.606840899682929,4,tennis-court,87,27,0.1219114219114219
noise,35,35.0,7.606840899682929,5,basketball-court,6,0,0.0
noise,35,35.0,7.606840899682929,6,ground-track-field,9,0,0.0
noise,35,35.0,7.606840899682929,7,harbor,48,36,0.4793247737552173
noise,35,35.0,7.606840899682929,8,bridge,10,0,0.0
noise,35,35.0,7.606840899682929,9,large-vehicle,57,68,0.5695333263625177
noise,35,35.0,7.606840899682929,10,small-vehicle,175,125,0.5269817488854813
noise,35,35.0,7.606840899682929,11,helicopter,0,1,0.0
noise,35,35.0,7.606840899682929,12,roundabout,5,0,0.0
noise,35,35.0,7.606840899682929,13,soccer-ball-field,7,0,0.0
noise,35,35.0,7.606840899682929,14,swimming-pool,64,1,0.015625
noise,50,50.0,4.980252769363661,0,plane,48,31,0.6458333333333334
noise,50,50.0,4.980252769363661,1,ship,6,39,0.3333333333333333
noise,50,50.0,4.980252769363661,2,storage-tank,15,3,0.0666666666666666
noise,50,50.0,4.980252769363661,3,baseball-diamond,11,0,0.0
noise,50,50.0,4.980252769363661,4,tennis-court,87,0,0.0
noise,50,50.0,4.980252769363661,5,basketball-court,6,0,0.0
noise,50,50.0,4.980252769363661,6,ground-track-field,9,0,0.0
noise,50,50.0,4.980252769363661,7,harbor,48,15,0.1642316017316017
noise,50,50.0,4.980252769363661,8,bridge,10,0,0.0
noise,50,50.0,4.980252769363661,9,large-vehicle,57,33,0.2563761277642876
noise,50,50.0,4.980252769363661,10,small-vehicle,175,46,0.2499006211180124
noise,50,50.0,4.980252769363661,11,helicopter,0,0,
noise,50,50.0,4.980252769363661,12,roundabout,5,0,0.0
noise,50,50.0,4.980252769363661,13,soccer-ball-field,7,0,0.0
noise,50,50.0,4.980252769363661,14,swimming-pool,64,0,0.0
