distortion,level,level_numeric,snr_db_mean,name,snr_db,n_clean_kp,n_dist_kp,n_good,good_ratio
haze,0.5,0.5,3.141872703484021,P0063,7.361264308432491,1000,1000,948,0.948
haze,0.5,0.5,3.141872703484021,P0081,0.9446912496363596,1000,1000,955,0.955
haze,0.5,0.5,3.141872703484021,P0198,3.176009121557682,1000,1000,970,0.97
haze,0.5,0.5,3.141872703484021,P0308,1.228742500895043,1000,1000,938,0.938
haze,0.5,0.5,3.141872703484021,P0336,-1.5472183248018336,1000,1000,968,0.968
haze,0.5,0.5,3.141872703484021,P0345,0.6465847800752185,1000,1000,952,0.952
haze,0.5,0.5,3.141872703484021,P0363,0.8085359916268149,1000,1000,966,0.966
haze,0.5,0.5,3.141872703484021,P0368,1.3058336094557883,1000,1000,956,0.956
haze,0.5,0.5,3.141872703484021,P0377,-0.328251922167334,1000,951,827,0.8696109358569927
haze,0.5,0.5,3.141872703484021,P0452,2.8311158182432843,1000,1000,965,0.965
haze,0.5,0.5,3.141872703484021,P0517,1.5060505474727128,1000,1000,977,0.977
haze,0.5,0.5,3.141872703484021,P0565,-1.886576095549367,1000,1000,969,0.969
haze,0.5,0.5,3.141872703484021,P0649,-1.0958142314075023,1000,919,784,0.85310119695321
haze,0.5,0.5,3.141872703484021,P0699,0.832006944063308,1000,1000,967,0.967
haze,0.5,0.5,3.141872703484021,P0806,5.423615042986257,1000,1000,947,0.947
haze,0.5,0.5,3.141872703484021,P1003,-3.075865534098758,1000,1000,963,0.963
haze,0.5,0.5,3.141872703484021,P1029,1.454232482125319,1000,1000,966,0.966
haze,0.5,0.5,3.141872703484021,P1148,5.410271500105494,417,134,126,0.9402985074626866
haze,0.5,0.5,3.141872703484021,P1158,1.8773512275205817,939,195,184,0.9435897435897436
haze,0.5,0.5,3.141872703484021,P1207,15.350956011368332,93,22,15,0.6818181818181818
haze,0.5,0.5,3.141872703484021,P1216,14.90694668235479,155,8,8,1.0
haze,0.5,0.5,3.141872703484021,P1242,7.927859820929124,1000,666,524,0.7867867867867868
haze,0.5,0.5,3.141872703484021,P1358,6.387151597018584,1000,1000,942,0.942
haze,0.5,0.5,3.141872703484021,P1522,0.6740611305126085,1000,913,713,0.7809419496166484
haze,0.5,0.5,3.141872703484021,P1676,6.239809160173539,536,123,115,0.9349593495934959
haze,0.5,0.5,3.141872703484021,P1693,2.2659924574835646,825,275,265,0.9636363636363636
haze,0.5,0.5,3.141872703484021,P1960,1.0804351413983797,1000,1000,978,0.978
haze,0.5,0.5,3.141872703484021,P2002,4.860032409218513,1000,1000,971,0.971
haze,0.5,0.5,3.141872703484021,P2045,-2.115071220323782,1000,1000,953,0.953
haze,0.5,0.5,3.141872703484021,P2210,7.906267167456884,1000,1000,970,0.97
haze,0.5,0.5,3.141872703484021,P2257,-0.3082821267200897,1000,1000,947,0.947
haze,0.5,0.5,3.141872703484021,P2278,5.838380669868601,1000,1000,957,0.957
haze,0.5,0.5,3.141872703484021,P2332,5.9761552615503435,1000,1000,942,0.942
haze,0.5,0.5,3.141872703484021,P2352,3.965478989544693,1000,1000,949,0.949
haze,0.5,0.5,3.141872703484021,P2456,2.9845441851226093,1000,1000,955,0.955
haze,0.5,0.5,3.141872703484021,P2528,2.2747921538620504,1000,1000,962,0.962
haze,0.5,0.5,3.141872703484021,P2591,2.9597437639520887,1000,1000,959,0.959
haze,0.5,0.5,3.141872703484021,P2613,-2.371584975023479,1000,1000,971,0.971
haze,0.5,0.5,3.141872703484021,P2724,4.913293274855296,1000,1000,945,0.945
haze,0.5,0.5,3.141872703484021,P2754,7.085367568586637,1000,1000,959,0.959
haze,1.0,1.0,-1.0077252033553779,P0063,3.2152907323175235,1000,1000,934,0.934
haze,1.0,1.0,-1.0077252033553779,P0081,-3.1948242776147207,1000,1000,915,0.915
haze,1.0,1.0,-1.0077252033553779,P0198,-0.9654949811926768,1000,1000,945,0.945
haze,1.0,1.0,-1.0077252033553779,P0308,-2.9190371885040136,1000,820,633,0.7719512195121951
haze,1.0,1.0,-1.0077252033553779,P0336,-5.685767931132608,1000,1000,936,0.936
haze,1.0,1.0,-1.0077252033553779,P0345,-3.499576451740745,1000,896,736,0.8214285714285714
haze,1.0,1.0,-1.0077252033553779,P0363,-3.339195950882639,1000,956,888,0.9288702928870293
haze,1.0,1.0,-1.0077252033553779,P0368,-2.839968472432817,1000,941,848,0.9011689691817216
haze,1.0,1.0,-1.0077252033553779,P0377,-4.45875790958379,1000,539,411,0.7625231910946196
haze,1.0,1.0,-1.0077252033553779,P0452,-1.306448816763698,1000,996,930,0.9337349397590361
haze,1.0,1.0,-1.0077252033553779,P0517,-2.6337791285198087,1000,1000,953,0.953
haze,1.0,1.0,-1.0077252033553779,P0565,-6.024823907121242,1000,971,868,0.893923789907312
haze,1.0,1.0,-1.0077252033553779,P0649,-5.212375653973553,1000,299,266,0.8896321070234113
haze,1.0,1.0,-1.0077252033553779,P0699,-3.286180707927388,1000,1000,921,0.921
haze,1.0,1.0,-1.0077252033553779,P0806,1.2793212425153024,1000,979,876,0.8947906026557712
haze,1.0,1.0,-1.0077252033553779,P1003,-7.224242106734896,1000,1000,906,0.906
haze,1.0,1.0,-1.0077252033553779,P1029,-2.6859680983951346,1000,1000,928,0.928
haze,1.0,1.0,-1.0077252033553779,P1148,1.2663023037089949,417,35,34,0.9714285714285714
haze,1.0,1.0,-1.0077252033553779,P1158,-2.263395040683667,939,54,53,0.9814814814814815
haze,1.0,1.0,-1.0077252033553779,P1207,11.096570809192324,93,4,4,1.0
haze,1.0,1.0,-1.0077252033553779,P1216,10.626127382201172,155,0,0,0.0
haze,1.0,1.0,-1.0077252033553779,P1242,3.7656718704473113,1000,174,168,0.9655172413793104
haze,1.0,1.0,-1.0077252033553779,P1358,2.2343840047325108,1000,807,654,0.8104089219330854
haze,1.0,1.0,-1.0077252033553779,P1522,-3.4716154371810086,1000,227,219,0.9647577092511013
haze,1.0,1.0,-1.0077252033553779,P1676,2.0568380606665446,536,24,24,1.0
haze,1.0,1.0,-1.0077252033553779,P1693,-1.9092666431754388,825,43,40,0.9302325581395349
haze,1.0,1.0,-1.0077252033553779,P1960,-3.059641652799325,1000,1000,957,0.957
haze,1.0,1.0,-1.0077252033553779,P2002,0.7178100141676964,1000,1000,957,0.957
haze,1.0,1.0,-1.0077252033553779,P2045,-6.2623796195255474,1000,988,865,0.8755060728744939
haze,1.0,1.0,-1.0077252033553779,P2210,3.757887282384336,1000,1000,946,0.946
haze,1.0,1.0,-1.0077252033553779,P2257,-4.431120678661079,1000,961,857,0.8917793964620188
haze,1.0,1.0,-1.0077252033553779,P2278,1.6961726678617888,1000,1000,914,0.914
haze,1.0,1.0,-1.0077252033553779,P2332,1.8305272220529856,1000,1000,922,0.922
haze,1.0,1.0,-1.0077252033553779,P2352,-0.1780756366915568,1000,985,899,0.9126903553299492
haze,1.0,1.0,-1.0077252033553779,P2456,-1.1572081101382818,1000,1000,941,0.941
haze,1.0,1.0,-1.0077252033553779,P2528,-1.86609036829008,1000,1000,946,0.946
haze,1.0,1.0,-1.0077252033553779,P2591,-1.1835231932628774,1000,1000,924,0.924
haze,1.0,1.0,-1.0077252033553779,P2613,-6.50277438202946,1000,1000,961,0.961
haze,1.0,1.0,-1.0077252033553779,P2724,0.769638618008045,1000,1000,908,0.908
haze,1.0,1.0,-1.0077252033553779,P2754,2.939982000486405,1000,1000,919,0.919
haze,1.5,1.5,-2.808582539633451,P0063,1.415784992668465,1000,926,792,0.8552915766738661
haze,1.5,1.5,-2.808582539633451,P0081,-4.9778029780170545,1000,764,570,0.7460732984293194
haze,1.5,1.5,-2.808582539633451,P0198,-2.763981268282495,1000,901,723,0.802441731409545
haze,1.5,1.5,-2.808582539633451,P0308,-4.717047446176662,1000,187,169,0.9037433155080213
haze,1.5,1.5,-2.808582539633451,P0336,-7.482471131742726,1000,913,682,0.7469879518072289
haze,1.5,1.5,-2.808582539633451,P0345,-5.298966136567861,1000,165,152,0.9212121212121213
haze,1.5,1.5,-2.808582539633451,P0363,-5.139449723927488,1000,761,598,0.78580814717477
haze,1.5,1.5,-2.808582539633451,P0368,-4.637251222188975,1000,464,416,0.896551724137931
haze,1.5,1.5,-2.808582539633451,P0377,-6.258387510396313,1000,52,47,0.9038461538461539
haze,1.5,1.5,-2.808582539633451,P0452,-3.107394345151543,1000,841,729,0.8668252080856124
haze,1.5,1.5,-2.808582539633451,P0517,-4.431956449125676,1000,966,867,0.8975155279503105
haze,1.5,1.5,-2.808582539633451,P0565,-7.821444265879798,1000,538,459,0.8531598513011153
haze,1.5,1.5,-2.808582539633451,P0649,-7.0262679807065345,1000,84,74,0.8809523809523809
haze,1.5,1.5,-2.808582539633451,P0699,-5.090403154460766,1000,957,743,0.7763845350052246
haze,1.5,1.5,-2.808582539633451,P0806,-0.5201340422861457,1000,543,430,0.7918968692449355
haze,1.5,1.5,-2.808582539633451,P1003,-9.016610855506356,1000,626,476,0.7603833865814696
haze,1.5,1.5,-2.808582539633451,P1029,-4.483923359533043,1000,923,689,0.7464788732394366
haze,1.5,1.5,-2.808582539633451,P1148,-0.5321723860237566,417,1,0,0.0
haze,1.5,1.5,-2.808582539633451,P1158,-4.060893529948549,939,1,0,0.0
haze,1.5,1.5,-2.808582539633451,P1207,9.242750120530486,93,0,0,0.0
haze,1.5,1.5,-2.808582539633451,P1216,8.788338333859452,155,0,0,0.0
haze,1.5,1.5,-2.808582539633451,P1242,1.9642796513223548,1000,37,36,0.972972972972973
haze,1.5,1.5,-2.808582539633451,P1358,0.4321711435852298,1000,186,184,0.989247311827957
haze,1.5,1.5,-2.808582539633451,P1522,-5.269196494591687,1000,11,10,0.9090909090909091
haze,1.5,1.5,-2.808582539633451,P1676,0.2438110141413614,536,0,0,0.0
haze,1.5,1.5,-2.808582539633451,P1693,-3.709550039019778,825,0,0,0.0
haze,1.5,1.5,-2.808582539633451,P1960,-4.856862293818967,1000,1000,927,0.927
haze,1.5,1.5,-2.808582539633451,P2002,-1.080482782374186,1000,1000,908,0.908
haze,1.5,1.5,-2.808582539633451,P2045,-8.051201993604842,1000,498,384,0.7710843373493976
haze,1.5,1.5,-2.808582539633451,P2210,1.957582725170045,1000,954,791,0.8291404612159329
haze,1.5,1.5,-2.808582539633451,P2257,-6.229889189073971,1000,622,468,0.752411575562701
haze,1.5,1.5,-2.808582539633451,P2278,-0.102457797343696,1000,559,413,0.738819320214669
haze,1.5,1.5,-2.808582539633451,P2332,0.0312512240632204,1000,727,507,0.6973865199449794
haze,1.5,1.5,-2.808582539633451,P2352,-1.976927502024134,1000,713,554,0.7769985974754559
haze,1.5,1.5,-2.808582539633451,P2456,-2.955062425589803,1000,937,802,0.855923159018143
haze,1.5,1.5,-2.808582539633451,P2528,-3.663438216394943,1000,963,828,0.8598130841121495
haze,1.5,1.5,-2.808582539633451,P2591,-2.9815562555769084,1000,735,606,0.8244897959183674
haze,1.5,1.5,-2.808582539633451,P2613,-8.286569694697352,1000,979,872,0.8907048008171604
haze,1.5,1.5,-2.808582539633451,P2724,-1.0302486023462831,1000,802,595,0.7418952618453866
haze,1.5,1.5,-2.808582539633451,P2754,1.1407302816996128,1000,832,627,0.7536057692307693
haze,2.0,2.0,-3.745351966101456,P0063,0.4818235707945951,1000,312,215,0.6891025641025641
haze,2.0,2.0,-3.745351966101456,P0081,-5.929344072158042,1000,106,94,0.8867924528301887
haze,2.0,2.0,-3.745351966101456,P0198,-3.696297975689572,1000,108,91,0.8425925925925926
haze,2.0,2.0,-3.745351966101456,P0308,-5.65184546876044,1000,26,22,0.8461538461538461
haze,2.0,2.0,-3.745351966101456,P0336,-8.415716496313214,1000,125,112,0.896
haze,2.0,2.0,-3.745351966101456,P0345,-6.232099885397023,1000,6,6,1.0
haze,2.0,2.0,-3.745351966101456,P0363,-6.062311073805176,1000,122,115,0.9426229508196722
haze,2.0,2.0,-3.745351966101456,P0368,-5.564358452434712,1000,35,33,0.9428571428571428
haze,2.0,2.0,-3.745351966101456,P0377,-7.188952052611648,1000,10,7,0.7
haze,2.0,2.0,-3.745351966101456,P0452,-4.038984360388187,1000,294,223,0.7585034013605442
haze,2.0,2.0,-3.745351966101456,P0517,-5.364663798490481,1000,552,394,0.7137681159420289
haze,2.0,2.0,-3.745351966101456,P0565,-8.754796241711318,1000,74,62,0.8378378378378378
haze,2.0,2.0,-3.745351966101456,P0649,-7.946725574811411,1000,22,13,0.5909090909090909
haze,2.0,2.0,-3.745351966101456,P0699,-6.02498639051031,1000,473,352,0.7441860465116279
haze,2.0,2.0,-3.745351966101456,P0806,-1.4535407628758192,1000,39,38,0.9743589743589743
haze,2.0,2.0,-3.745351966101456,P1003,-9.947708356917364,1000,55,51,0.9272727272727272
haze,2.0,2.0,-3.745351966101456,P1029,-5.416695475099384,1000,136,107,0.7867647058823529
haze,2.0,2.0,-3.745351966101456,P1148,-1.4665949750964753,417,0,0,0.0
haze,2.0,2.0,-3.745351966101456,P1158,-4.994880729950063,939,0,0,0.0
haze,2.0,2.0,-3.745351966101456,P1207,8.203172773903809,93,0,0,0.0
haze,2.0,2.0,-3.745351966101456,P1216,7.820576304007783,155,0,0,0.0
haze,2.0,2.0,-3.745351966101456,P1242,1.0276772410505044,1000,3,3,1.0
haze,2.0,2.0,-3.745351966101456,P1358,-0.5035654998513757,1000,8,5,0.625
haze,2.0,2.0,-3.745351966101456,P1522,-6.2062216849659375,1000,0,0,0.0
haze,2.0,2.0,-3.745351966101456,P1676,-0.684643378333431,536,0,0,0.0
haze,2.0,2.0,-3.745351966101456,P1693,-4.649629614031485,825,0,0,0.0
haze,2.0,2.0,-3.745351966101456,P1960,-5.790278337390608,1000,922,775,0.8405639913232104
haze,2.0,2.0,-3.745351966101456,P2002,-2.014001555914583,1000,644,506,0.7857142857142857
haze,2.0,2.0,-3.745351966101456,P2045,-8.98274535310346,1000,37,35,0.9459459459459459
haze,2.0,2.0,-3.745351966101456,P2210,1.023761393165845,1000,384,282,0.734375
haze,2.0,2.0,-3.745351966101456,P2257,-7.1584781531260955,1000,30,28,0.9333333333333333
haze,2.0,2.0,-3.745351966101456,P2278,-1.03625400596153,1000,19,16,0.8421052631578947
haze,2.0,2.0,-3.745351966101456,P2332,-0.9024374379511846,1000,11,10,0.9090909090909091
haze,2.0,2.0,-3.745351966101456,P2352,-2.9098595813212564,1000,20,18,0.9
haze,2.0,2.0,-3.745351966101456,P2456,-3.888079784141603,1000,170,133,0.7823529411764706
haze,2.0,2.0,-3.745351966101456,P2528,-4.597145720463633,1000,65,61,0.9384615384615385
haze,2.0,2.0,-3.745351966101456,P2591,-3.914795587531718,1000,107,95,0.8878504672897196
haze,2.0,2.0,-3.745351966101456,P2613,-9.226302301663784,1000,605,421,0.6958677685950413
haze,2.0,2.0,-3.745351966101456,P2724,-1.9633209705011945,1000,0,0,0.0
haze,2.0,2.0,-3.745351966101456,P2754,0.2071711822927556,1000,3,3,1.0
haze,2.5,2.5,-4.268570215477657,P0063,-0.0392655462716577,1000,0,0,0.0
haze,2.5,2.5,-4.268570215477657,P0081,-6.44623347633039,1000,0,0,0.0
haze,2.5,2.5,-4.268570215477657,P0198,-4.217477654028361,1000,0,0,0.0
haze,2.5,2.5,-4.268570215477657,P0308,-6.172731962841098,1000,0,0,0.0
haze,2.5,2.5,-4.268570215477657,P0336,-8.936414104286403,1000,0,0,0.0
haze,2.5,2.5,-4.268570215477657,P0345,-6.753706386369913,1000,0,0,0.0
haze,2.5,2.5,-4.268570215477657,P0363,-6.593880652539133,1000,0,0,0.0
haze,2.5,2.5,-4.268570215477657,P0368,-6.0892344052852945,1000,0,0,0.0
haze,2.5,2.5,-4.268570215477657,P0377,-7.718451983916386,1000,0,0,0.0
haze,2.5,2.5,-4.268570215477657,P0452,-4.554629711862026,1000,0,0,0.0
haze,2.5,2.5,-4.268570215477657,P0517,-5.8856946678921505,1000,0,0,0.0
haze,2.5,2.5,-4.268570215477657,P0565,-9.275489390786351,1000,0,0,0.0
haze,2.5,2.5,-4.268570215477657,P0649,-8.471774439962935,1000,0,0,0.0
haze,2.5,2.5,-4.268570215477657,P0699,-6.547492555320591,1000,0,0,0.0
haze,2.5,2.5,-4.268570215477657,P0806,-1.974576130506456,1000,0,0,0.0
haze,2.5,2.5,-4.268570215477657,P1003,-10.469921172420843,1000,0,0,0.0
haze,2.5,2.5,-4.268570215477657,P1029,-5.937331609481452,1000,0,0,0.0
haze,2.5,2.5,-4.268570215477657,P1148,-1.9879747124947496,417,0,0,0.0
haze,2.5,2.5,-4.268570215477657,P1158,-5.515696595099239,939,0,0,0.0
haze,2.5,2.5,-4.268570215477657,P1207,7.635119217725437,93,0,0,0.0
haze,2.5,2.5,-4.268570215477657,P1216,7.295009099793226,155,0,0,0.0
haze,2.5,2.5,-4.268570215477657,P1242,0.5084271744256931,1000,0,0,0.0
haze,2.5,2.5,-4.268570215477657,P1358,-1.0259237392561882,1000,0,0,0.0
haze,2.5,2.5,-4.268570215477657,P1522,-6.727946084698971,1000,0,0,0.0
haze,2.5,2.5,-4.268570215477657,P1676,-1.2100551048203754,536,0,0,0.0
haze,2.5,2.5,-4.268570215477657,P1693,-5.174632740511188,825,0,0,0.0
haze,2.5,2.5,-4.268570215477657,P1960,-6.30996569871607,1000,0,0,0.0
haze,2.5,2.5,-4.268570215477657,P2002,-2.5352195806301507,1000,0,0,0.0
haze,2.5,2.5,-4.268570215477657,P2045,-9.50322884322832,1000,0,0,0.0
haze,2.5,2.5,-4.268570215477657,P2210,0.5028003574439475,1000,0,0,0.0
haze,2.5,2.5,-4.268570215477657,P2257,-7.68305114347708,1000,0,0,0.0
haze,2.5,2.5,-4.268570215477657,P2278,-1.557860609819552,1000,0,0,0.0
haze,2.5,2.5,-4.268570215477657,P2332,-1.4236184162396683,1000,0,0,0.0
haze,2.5,2.5,-4.268570215477657,P2352,-3.431012087393018,1000,0,0,0.0
haze,2.5,2.5,-4.268570215477657,P2456,-4.409025274043776,1000,0,0,0.0
haze,2.5,2.5,-4.268570215477657,P2528,-5.11791520209812,1000,0,0,0.0
haze,2.5,2.5,-4.268570215477657,P2591,-4.4354132881462185,1000,0,0,0.0
haze,2.5,2.5,-4.268570215477657,P2613,-9.753197243840953,1000,0,0,0.0
haze,2.5,2.5,-4.268570215477657,P2724,-2.4844134488842275,1000,0,0,0.0
haze,2.5,2.5,-4.268570215477657,P2754,-0.313708804995269,1000,0,0,0.0
haze,3.0,3.0,-4.564046168308607,P0063,-0.3405214673072442,1000,0,0,0.0
haze,3.0,3.0,-4.564046168308607,P0081,-6.753990740563961,1000,0,0,0.0
haze,3.0,3.0,-4.564046168308607,P0198,-4.519172235154825,1000,0,0,0.0
haze,3.0,3.0,-4.564046168308607,P0308,-6.475081317448388,1000,0,0,0.0
haze,3.0,3.0,-4.564046168308607,P0336,-9.236574701677489,1000,0,0,0.0
haze,3.0,3.0,-4.564046168308607,P0345,-7.053334298053388,1000,0,0,0.0
haze,3.0,3.0,-4.564046168308607,P0363,-6.891177929884708,1000,0,0,0.0
haze,3.0,3.0,-4.564046168308607,P0368,-6.394014235676593,1000,0,0,0.0
haze,3.0,3.0,-4.564046168308607,P0377,-8.016577441648254,1000,0,0,0.0
haze,3.0,3.0,-4.564046168308607,P0452,-4.862119632382384,1000,0,0,0.0
haze,3.0,3.0,-4.564046168308607,P0517,-6.186984143942399,1000,0,0,0.0
haze,3.0,3.0,-4.564046168308607,P0565,-9.578842235859556,1000,0,0,0.0
haze,3.0,3.0,-4.564046168308607,P0649,-8.789646191771057,1000,0,0,0.0
haze,3.0,3.0,-4.564046168308607,P0699,-6.844715045885698,1000,0,0,0.0
haze,3.0,3.0,-4.564046168308607,P0806,-2.276295070284429,1000,0,0,0.0
haze,3.0,3.0,-4.564046168308607,P1003,-10.76565981722254,1000,0,0,0.0
haze,3.0,3.0,-4.564046168308607,P1029,-6.239208479526633,1000,0,0,0.0
haze,3.0,3.0,-4.564046168308607,P1148,-2.28850191757253,417,0,0,0.0
haze,3.0,3.0,-4.564046168308607,P1158,-5.816520271289056,939,0,0,0.0
haze,3.0,3.0,-4.564046168308607,P1207,7.549653330920897,93,0,0,0.0
haze,3.0,3.0,-4.564046168308607,P1216,7.036070236256017,155,0,0,0.0
haze,3.0,3.0,-4.564046168308607,P1242,0.1965581279511151,1000,0,0,0.0
haze,3.0,3.0,-4.564046168308607,P1358,-1.324456802364888,1000,0,0,0.0
haze,3.0,3.0,-4.564046168308607,P1522,-7.027910854028823,1000,0,0,0.0
haze,3.0,3.0,-4.564046168308607,P1676,-1.5124002810591255,536,0,0,0.0
haze,3.0,3.0,-4.564046168308607,P1693,-5.478578914823531,825,0,0,0.0
haze,3.0,3.0,-4.564046168308607,P1960,-6.61095670316427,1000,0,0,0.0
haze,3.0,3.0,-4.564046168308607,P2002,-2.836374626600188,1000,0,0,0.0
haze,3.0,3.0,-4.564046168308607,P2045,-9.808527291807252,1000,0,0,0.0
haze,3.0,3.0,-4.564046168308607,P2210,0.2009017290919646,1000,0,0,0.0
haze,3.0,3.0,-4.564046168308607,P2257,-7.981104136230549,1000,0,0,0.0
haze,3.0,3.0,-4.564046168308607,P2278,-1.859477925139611,1000,0,0,0.0
haze,3.0,3.0,-4.564046168308607,P2332,-1.725239767634717,1000,0,0,0.0
haze,3.0,3.0,-4.564046168308607,P2352,-3.732413907995245,1000,0,0,0.0
haze,3.0,3.0,-4.564046168308607,P2456,-4.710043851043785,1000,0,0,0.0
haze,3.0,3.0,-4.564046168308607,P2528,-5.419063470719349,1000,0,0,0.0
haze,3.0,3.0,-4.564046168308607,P2591,-4.736694985989264,1000,0,0,0.0
haze,3.0,3.0,-4.564046168308607,P2613,-10.050942226844713,1000,0,0,0.0
haze,3.0,3.0,-4.564046168308607,P2724,-2.7860666967465297,1000,0,0,0.0
haze,3.0,3.0,-4.564046168308607,P2754,-0.6158405412213037,1000,0,0,0.0
jpeg,1,1.0,14.156771236721948,P0063,12.880987987334985,1000,1000,217,0.217
jpeg,1,1.0,14.156771236721948,P0081,14.045896539021728,1000,1000,218,0.218
jpeg,1,1.0,14.156771236721948,P0198,13.78651676991829,1000,1000,246,0.246
jpeg,1,1.0,14.156771236721948,P0308,14.365189247537948,1000,1000,67,0.067
jpeg,1,1.0,14.156771236721948,P0336,12.941758233226404,1000,1000,274,0.274
jpeg,1,1.0,14.156771236721948,P0345,13.41815877502608,1000,1000,134,0.134
jpeg,1,1.0,14.156771236721948,P0363,13.66072662833712,1000,1000,223,0.223
jpeg,1,1.0,14.156771236721948,P0368,14.039362094042158,1000,1000,162,0.162
jpeg,1,1.0,14.156771236721948,P0377,12.71685696798297,1000,1000,23,0.023
jpeg,1,1.0,14.156771236721948,P0452,12.760745540251593,1000,1000,281,0.281
jpeg,1,1.0,14.156771236721948,P0517,11.497973429717074,1000,1000,309,0.309
jpeg,1,1.0,14.156771236721948,P0565,12.47421476731246,1000,1000,227,0.227
jpeg,1,1.0,14.156771236721948,P0649,12.948701732098604,1000,1000,47,0.047
jpeg,1,1.0,14.156771236721948,P0699,17.60623824247475,1000,1000,300,0.3
jpeg,1,1.0,14.156771236721948,P0806,15.283626590737107,1000,1000,167,0.167
jpeg,1,1.0,14.156771236721948,P1003,11.844528598254646,1000,1000,168,0.168
jpeg,1,1.0,14.156771236721948,P1029,13.125964316633125,1000,1000,205,0.205
jpeg,1,1.0,14.156771236721948,P1148,19.57404175651671,417,1000,64,0.15347721822541965
jpeg,1,1.0,14.156771236721948,P1158,16.230063610418494,939,1002,30,0.03194888178913738
jpeg,1,1.0,14.156771236721948,P1207,11.959796701653444,93,72,0,0.0
jpeg,1,1.0,14.156771236721948,P1216,16.511817152095663,155,19,0,0.0
jpeg,1,1.0,14.156771236721948,P1242,22.176049414095537,1000,920,7,0.007608695652173913
jpeg,1,1.0,14.156771236721948,P1358,16.8551497994027,1000,1002,52,0.052
jpeg,1,1.0,14.156771236721948,P1522,13.90998162777426,1000,1000,92,0.092
jpeg,1,1.0,14.156771236721948,P1676,12.86641705622386,536,846,4,0.007462686567164179
jpeg,1,1.0,14.156771236721948,P1693,11.87820207737743,825,849,0,0.0
jpeg,1,1.0,14.156771236721948,P1960,12.104370556866924,1000,1000,397,0.397
jpeg,1,1.0,14.156771236721948,P2002,13.980686893327704,1000,1000,326,0.326
jpeg,1,1.0,14.156771236721948,P2045,12.84029835412397,1000,1000,208,0.208
jpeg,1,1.0,14.156771236721948,P2210,17.31171540937068,1000,1000,180,0.18
jpeg,1,1.0,14.156771236721948,P2257,12.477786333566554,1000,1000,233,0.233
jpeg,1,1.0,14.156771236721948,P2278,15.47051788661064,1000,1000,176,0.176
jpeg,1,1.0,14.156771236721948,P2332,15.559262764021968,1000,1000,210,0.21
jpeg,1,1.0,14.156771236721948,P2352,14.3263736278703,1000,1000,146,0.146
jpeg,1,1.0,14.156771236721948,P2456,11.425592311697876,1000,1000,264,0.264
jpeg,1,1.0,14.156771236721948,P2528,13.82672941577516,1000,1000,322,0.322
jpeg,1,1.0,14.156771236721948,P2591,12.762892477303488,1000,1000,233,0.233
jpeg,1,1.0,14.156771236721948,P2613,12.293558386398338,1000,1000,326,0.326
jpeg,1,1.0,14.156771236721948,P2724,14.616442957536703,1000,1000,158,0.158
jpeg,1,1.0,14.156771236721948,P2754,15.915656438942484,1000,1000,216,0.216
jpeg,3,3.0,14.437534838522705,P0063,13.26597144651027,1000,1000,257,0.257
jpeg,3,3.0,14.437534838522705,P0081,14.327205621608607,1000,1000,278,0.278
jpeg,3,3.0,14.437534838522705,P0198,14.23645499885524,1000,1000,258,0.258
jpeg,3,3.0,14.437534838522705,P0308,14.591782061686898,1000,1000,88,0.088
jpeg,3,3.0,14.437534838522705,P0336,13.228725369592524,1000,1000,307,0.307
jpeg,3,3.0,14.437534838522705,P0345,13.650884831185682,1000,1000,179,0.179
jpeg,3,3.0,14.437534838522705,P0363,13.943047174766216,1000,1000,243,0.243
jpeg,3,3.0,14.437534838522705,P0368,14.322564474215271,1000,1001,208,0.208
jpeg,3,3.0,14.437534838522705,P0377,12.850561137155095,1000,1000,29,0.029
jpeg,3,3.0,14.437534838522705,P0452,13.13674623577696,1000,1000,346,0.346
jpeg,3,3.0,14.437534838522705,P0517,11.875357942015674,1000,1000,361,0.361
jpeg,3,3.0,14.437534838522705,P0565,12.671571168913491,1000,1000,257,0.257
jpeg,3,3.0,14.437534838522705,P0649,13.19651833286214,1000,1001,64,0.064
jpeg,3,3.0,14.437534838522705,P0699,18.04340194052235,1000,1000,308,0.308
jpeg,3,3.0,14.437534838522705,P0806,15.582901859092535,1000,1000,212,0.212
jpeg,3,3.0,14.437534838522705,P1003,12.153999444162125,1000,1000,191,0.191
jpeg,3,3.0,14.437534838522705,P1029,13.491893305725958,1000,1000,240,0.24
jpeg,3,3.0,14.437534838522705,P1148,19.65723681904055,417,1000,71,0.17026378896882494
jpeg,3,3.0,14.437534838522705,P1158,16.30913732166165,939,1000,41,0.043663471778487756
jpeg,3,3.0,14.437534838522705,P1207,11.95996493382452,93,73,0,0.0
jpeg,3,3.0,14.437534838522705,P1216,16.511966455284856,155,27,0,0.0
jpeg,3,3.0,14.437534838522705,P1242,22.302436370903052,1000,1004,12,0.012
jpeg,3,3.0,14.437534838522705,P1358,17.127109356163313,1000,1001,66,0.066
jpeg,3,3.0,14.437534838522705,P1522,14.01442495693778,1000,1000,93,0.093
jpeg,3,3.0,14.437534838522705,P1676,12.888667495155858,536,957,3,0.005597014925373134
jpeg,3,3.0,14.437534838522705,P1693,11.89917676676072,825,872,0,0.0
jpeg,3,3.0,14.437534838522705,P1960,12.494472471060412,1000,1000,438,0.438
jpeg,3,3.0,14.437534838522705,P2002,14.424606798748435,1000,1000,346,0.346
jpeg,3,3.0,14.437534838522705,P2045,13.153590935202292,1000,1000,249,0.249
jpeg,3,3.0,14.437534838522705,P2210,17.620211272002603,1000,1000,219,0.219
jpeg,3,3.0,14.437534838522705,P2257,12.708355565484656,1000,1000,257,0.257
jpeg,3,3.0,14.437534838522705,P2278,15.718446459341957,1000,1000,213,0.213
jpeg,3,3.0,14.437534838522705,P2332,16.060658861486566,1000,1000,248,0.248
jpeg,3,3.0,14.437534838522705,P2352,14.761401762237089,1000,1000,181,0.181
jpeg,3,3.0,14.437534838522705,P2456,11.882895850381365,1000,1000,328,0.328
jpeg,3,3.0,14.437534838522705,P2528,14.288779035568524,1000,1000,363,0.363
jpeg,3,3.0,14.437534838522705,P2591,12.975312662317304,1000,1000,256,0.256
jpeg,3,3.0,14.437534838522705,P2613,12.760416150328847,1000,1000,345,0.345
jpeg,3,3.0,14.437534838522705,P2724,15.105169071196018,1000,1000,180,0.18
jpeg,3,3.0,14.437534838522705,P2754,16.30736882517285,1000,1000,263,0.263
jpeg,5,5.0,16.218186348216353,P0063,15.22161145451548,1000,1000,430,0.43
jpeg,5,5.0,16.218186348216353,P0081,15.775098507539395,1000,1000,452,0.452
jpeg,5,5.0,16.218186348216353,P0198,15.878326197566286,1000,1000,456,0.456
jpeg,5,5.0,16.218186348216353,P0308,15.952630746108074,1000,1000,279,0.279
jpeg,5,5.0,16.218186348216353,P0336,15.431466880626031,1000,1000,533,0.533
jpeg,5,5.0,16.218186348216353,P0345,14.53950428938654,1000,1000,335,0.335
jpeg,5,5.0,16.218186348216353,P0363,15.576651999312556,1000,1000,446,0.446
jpeg,5,5.0,16.218186348216353,P0368,15.9470257720009,1000,1000,421,0.421
jpeg,5,5.0,16.218186348216353,P0377,14.12145525354633,1000,1000,159,0.159
jpeg,5,5.0,16.218186348216353,P0452,15.096805790441554,1000,1000,507,0.507
jpeg,5,5.0,16.218186348216353,P0517,13.43351321760471,1000,1000,541,0.541
jpeg,5,5.0,16.218186348216353,P0565,14.011955715429384,1000,1000,434,0.434
jpeg,5,5.0,16.218186348216353,P0649,13.190717904499484,1000,1000,160,0.16
jpeg,5,5.0,16.218186348216353,P0699,18.06621235822788,1000,1000,395,0.395
jpeg,5,5.0,16.218186348216353,P0806,17.71917025902127,1000,1000,359,0.359
jpeg,5,5.0,16.218186348216353,P1003,12.67978034248666,1000,1000,378,0.378
jpeg,5,5.0,16.218186348216353,P1029,15.07221957334967,1000,1000,385,0.385
jpeg,5,5.0,16.218186348216353,P1148,21.040883551891124,417,1000,144,0.34532374100719426
jpeg,5,5.0,16.218186348216353,P1158,18.266624290879236,939,1000,141,0.1501597444089457
jpeg,5,5.0,16.218186348216353,P1207,16.930029556698003,93,3,0,0.0
jpeg,5,5.0,16.218186348216353,P1216,16.90300657359296,155,41,0,0.0
jpeg,5,5.0,16.218186348216353,P1242,21.178403414143155,1000,1000,101,0.101
jpeg,5,5.0,16.218186348216353,P1358,19.131413678333587,1000,1000,219,0.219
jpeg,5,5.0,16.218186348216353,P1522,17.687303158971865,1000,1000,205,0.205
jpeg,5,5.0,16.218186348216353,P1676,19.293875891963268,536,987,35,0.06529850746268656
jpeg,5,5.0,16.218186348216353,P1693,14.769208314827411,825,966,21,0.025454545454545455
jpeg,5,5.0,16.218186348216353,P1960,14.447599941828134,1000,1000,612,0.612
jpeg,5,5.0,16.218186348216353,P2002,16.27117992282966,1000,1000,485,0.485
jpeg,5,5.0,16.218186348216353,P2045,13.346643692433972,1000,1000,446,0.446
jpeg,5,5.0,16.218186348216353,P2210,19.37819629131758,1000,1000,423,0.423
jpeg,5,5.0,16.218186348216353,P2257,13.968331971125814,1000,1000,413,0.413
jpeg,5,5.0,16.218186348216353,P2278,19.32560711462325,1000,1000,356,0.356
jpeg,5,5.0,16.218186348216353,P2332,18.10339314345165,1000,1000,421,0.421
jpeg,5,5.0,16.218186348216353,P2352,16.94038426637713,1000,1000,415,0.415
jpeg,5,5.0,16.218186348216353,P2456,13.487981686354352,1000,1000,486,0.486
jpeg,5,5.0,16.218186348216353,P2528,16.346366581736163,1000,1000,547,0.547
jpeg,5,5.0,16.218186348216353,P2591,14.783873492259811,1000,1000,446,0.446
jpeg,5,5.0,16.218186348216353,P2613,13.993518580810072,1000,1000,519,0.519
jpeg,5,5.0,16.218186348216353,P2724,17.03796836631622,1000,1000,366,0.366
jpeg,5,5.0,16.218186348216353,P2754,18.381514184227488,1000,1000,464,0.464
jpeg,10,10.0,19.688575281576988,P0063,17.868933501102248,1000,1000,651,0.651
jpeg,10,10.0,19.688575281576988,P0081,20.34971478443176,1000,1000,700,0.7
jpeg,10,10.0,19.688575281576988,P0198,19.629713604371595,1000,1000,673,0.673
jpeg,10,10.0,19.688575281576988,P0308,18.199097719838683,1000,1000,525,0.525
jpeg,10,10.0,19.688575281576988,P0336,18.184490189943105,1000,1000,734,0.734
jpeg,10,10.0,19.688575281576988,P0345,17.90844213567796,1000,1000,623,0.623
jpeg,10,10.0,19.688575281576988,P0363,18.844970050267747,1000,1000,710,0.71
jpeg,10,10.0,19.688575281576988,P0368,19.594530152161653,1000,1000,668,0.668
jpeg,10,10.0,19.688575281576988,P0377,18.578662945511734,1000,1000,358,0.358
jpeg,10,10.0,19.688575281576988,P0452,18.213906745601037,1000,1000,727,0.727
jpeg,10,10.0,19.688575281576988,P0517,16.5387162125528,1000,1000,757,0.757
jpeg,10,10.0,19.688575281576988,P0565,16.92375697752014,1000,1000,651,0.651
jpeg,10,10.0,19.688575281576988,P0649,18.446600355969963,1000,1000,343,0.343
jpeg,10,10.0,19.688575281576988,P0699,22.565134363335662,1000,1000,672,0.672
jpeg,10,10.0,19.688575281576988,P0806,21.547781171493444,1000,1000,601,0.601
jpeg,10,10.0,19.688575281576988,P1003,15.724882152700276,1000,1000,577,0.577
jpeg,10,10.0,19.688575281576988,P1029,17.562564559269763,1000,1000,627,0.627
jpeg,10,10.0,19.688575281576988,P1148,24.80857672314382,417,647,237,0.5683453237410072
jpeg,10,10.0,19.688575281576988,P1158,21.475547780373564,939,1000,349,0.37167199148029817
jpeg,10,10.0,19.688575281576988,P1207,19.296192820912378,93,35,1,0.02857142857142857
jpeg,10,10.0,19.688575281576988,P1216,23.781773448300775,155,74,0,0.0
jpeg,10,10.0,19.688575281576988,P1242,26.60247812052376,1000,1000,338,0.338
jpeg,10,10.0,19.688575281576988,P1358,22.361952911552777,1000,1000,518,0.518
jpeg,10,10.0,19.688575281576988,P1522,21.621485566432096,1000,1000,450,0.45
jpeg,10,10.0,19.688575281576988,P1676,23.349739914592163,536,668,140,0.26119402985074625
jpeg,10,10.0,19.688575281576988,P1693,19.06188612044553,825,792,140,0.17676767676767677
jpeg,10,10.0,19.688575281576988,P1960,17.180789481701062,1000,1000,779,0.779
jpeg,10,10.0,19.688575281576988,P2002,18.955062054807694,1000,1000,698,0.698
jpeg,10,10.0,19.688575281576988,P2045,17.061994056725165,1000,1000,639,0.639
jpeg,10,10.0,19.688575281576988,P2210,22.098891768561792,1000,1000,662,0.662
jpeg,10,10.0,19.688575281576988,P2257,17.696956149205953,1000,1000,642,0.642
jpeg,10,10.0,19.688575281576988,P2278,22.41815767529062,1000,1000,564,0.564
jpeg,10,10.0,19.688575281576988,P2332,20.967059213276716,1000,1000,654,0.654
jpeg,10,10.0,19.688575281576988,P2352,20.1870508345715,1000,1000,654,0.654
jpeg,10,10.0,19.688575281576988,P2456,15.80714766885624,1000,1000,678,0.678
jpeg,10,10.0,19.688575281576988,P2528,19.38664827975415,1000,1000,727,0.727
jpeg,10,10.0,19.688575281576988,P2591,18.197541684017175,1000,1000,672,0.672
jpeg,10,10.0,19.688575281576988,P2613,17.552753995744837,1000,1000,720,0.72
jpeg,10,10.0,19.688575281576988,P2724,19.611522741617165,1000,1000,601,0.601
jpeg,10,10.0,19.688575281576988,P2754,21.379904630923065,1000,1000,664,0.664
jpeg,20,20.0,22.715415437378294,P0063,20.376639941022717,1000,1000,763,0.763
jpeg,20,20.0,22.715415437378294,P0081,23.47331064954517,1000,1000,805,0.805
jpeg,20,20.0,22.715415437378294,P0198,22.468834630095465,1000,1000,822,0.822
jpeg,20,20.0,22.715415437378294,P0308,21.53016601684499,1000,1000,760,0.76
jpeg,20,20.0,22.715415437378294,P0336,20.734043521008164,1000,1000,836,0.836
jpeg,20,20.0,22.715415437378294,P0345,21.049107413597056,1000,1000,770,0.77
jpeg,20,20.0,22.715415437378294,P0363,21.728045277035683,1000,1000,843,0.843
jpeg,20,20.0,22.715415437378294,P0368,22.533529544261203,1000,1000,785,0.785
jpeg,20,20.0,22.715415437378294,P0377,21.50759680173979,1000,1000,607,0.607
jpeg,20,20.0,22.715415437378294,P0452,20.94043901987664,1000,1000,818,0.818
jpeg,20,20.0,22.715415437378294,P0517,19.294538929362957,1000,1000,839,0.839
jpeg,20,20.0,22.715415437378294,P0565,19.28769851181688,1000,1000,790,0.79
jpeg,20,20.0,22.715415437378294,P0649,21.837206411595982,1000,1000,580,0.58
jpeg,20,20.0,22.715415437378294,P0699,24.92716465502648,1000,1000,802,0.802
jpeg,20,20.0,22.715415437378294,P0806,24.99011355001749,1000,1000,746,0.746
jpeg,20,20.0,22.715415437378294,P1003,18.064653417876674,1000,1000,765,0.765
jpeg,20,20.0,22.715415437378294,P1029,19.96348648688414,1000,1000,752,0.752
jpeg,20,20.0,22.715415437378294,P1148,30.104761783914014,417,458,282,0.6762589928057554
jpeg,20,20.0,22.715415437378294,P1158,25.85290708272054,939,1000,524,0.5580404685835996
jpeg,20,20.0,22.715415437378294,P1207,24.983149499516188,93,47,0,0.0
jpeg,20,20.0,22.715415437378294,P1216,26.457134829149904,155,89,9,0.10112359550561797
jpeg,20,20.0,22.715415437378294,P1242,29.231745748318648,1000,1000,610,0.61
jpeg,20,20.0,22.715415437378294,P1358,25.65586257139964,1000,1000,732,0.732
jpeg,20,20.0,22.715415437378294,P1522,25.368669178257093,1000,1000,681,0.681
jpeg,20,20.0,22.715415437378294,P1676,27.185127490310848,536,538,261,0.4869402985074627
jpeg,20,20.0,22.715415437378294,P1693,23.05050531240977,825,723,348,0.48132780082987553
jpeg,20,20.0,22.715415437378294,P1960,19.795003452254925,1000,1000,847,0.847
jpeg,20,20.0,22.715415437378294,P2002,21.535769174699382,1000,1000,829,0.829
jpeg,20,20.0,22.715415437378294,P2045,19.4637342279256,1000,1000,769,0.769
jpeg,20,20.0,22.715415437378294,P2210,24.798327485670548,1000,1000,806,0.806
jpeg,20,20.0,22.715415437378294,P2257,19.778534962431618,1000,1000,755,0.755
jpeg,20,20.0,22.715415437378294,P2278,25.330235074863516,1000,1000,742,0.742
jpeg,20,20.0,22.715415437378294,P2332,23.851728931230976,1000,1000,803,0.803
jpeg,20,20.0,22.715415437378294,P2352,23.38840983151254,1000,1000,792,0.792
jpeg,20,20.0,22.715415437378294,P2456,18.076322110605545,1000,1000,785,0.785
jpeg,20,20.0,22.715415437378294,P2528,22.667913430852607,1000,1000,828,0.828
jpeg,20,20.0,22.715415437378294,P2591,20.716376749416977,1000,1000,792,0.792
jpeg,20,20.0,22.715415437378294,P2613,20.15060517865489,1000,1000,838,0.838
jpeg,20,20.0,22.715415437378294,P2724,22.225657593058457,1000,1000,742,0.742
jpeg,20,20.0,22.715415437378294,P2754,24.241561018350055,1000,1000,804,0.804
jpeg,40,40.0,25.44764178746442,P0063,22.924803285579053,1000,1000,840,0.84
jpeg,40,40.0,25.44764178746442,P0081,26.317025150234336,1000,1000,872,0.872
jpeg,40,40.0,25.44764178746442,P0198,25.172585887770392,1000,1000,885,0.885
jpeg,40,40.0,25.44764178746442,P0308,24.20549044584673,1000,1000,863,0.863
jpeg,40,40.0,25.44764178746442,P0336,23.21306853483378,1000,1000,900,0.9
jpeg,40,40.0,25.44764178746442,P0345,23.8031216232198,1000,1000,859,0.859
jpeg,40,40.0,25.44764178746442,P0363,24.49305937905084,1000,1000,871,0.871
jpeg,40,40.0,25.44764178746442,P0368,25.361427640426516,1000,1000,870,0.87
jpeg,40,40.0,25.44764178746442,P0377,24.324332917931628,1000,1000,744,0.744
jpeg,40,40.0,25.44764178746442,P0452,23.47538997274068,1000,1000,869,0.869
jpeg,40,40.0,25.44764178746442,P0517,21.907851470974865,1000,1000,898,0.898
jpeg,40,40.0,25.44764178746442,P0565,21.288975380519947,1000,1000,855,0.855
jpeg,40,40.0,25.44764178746442,P0649,24.47639088138517,1000,1000,748,0.748
jpeg,40,40.0,25.44764178746442,P0699,27.215054497417796,1000,1000,883,0.883
jpeg,40,40.0,25.44764178746442,P0806,27.921075144210626,1000,1000,854,0.854
jpeg,40,40.0,25.44764178746442,P1003,20.332194670518273,1000,1000,857,0.857
jpeg,40,40.0,25.44764178746442,P1029,22.467518593843465,1000,1000,855,0.855
jpeg,40,40.0,25.44764178746442,P1148,34.07143569434872,417,410,333,0.8121951219512196
jpeg,40,40.0,25.44764178746442,P1158,29.530020418032535,939,996,631,0.6719914802981896
jpeg,40,40.0,25.44764178746442,P1207,26.73341683379684,93,61,9,0.14754098360655737
jpeg,40,40.0,25.44764178746442,P1216,28.84449819724083,155,118,40,0.3389830508474576
jpeg,40,40.0,25.44764178746442,P1242,31.8289376846731,1000,1000,779,0.779
jpeg,40,40.0,25.44764178746442,P1358,28.921777790877616,1000,1000,853,0.853
jpeg,40,40.0,25.44764178746442,P1522,28.93415400882069,1000,1000,787,0.787
jpeg,40,40.0,25.44764178746442,P1676,30.75755743569087,536,527,373,0.7077798861480076
jpeg,40,40.0,25.44764178746442,P1693,26.776822791577256,825,787,536,0.6810673443456162
jpeg,40,40.0,25.44764178746442,P1960,22.40589246949206,1000,1000,894,0.894
jpeg,40,40.0,25.44764178746442,P2002,24.200143461862567,1000,1000,878,0.878
jpeg,40,40.0,25.44764178746442,P2045,21.76224141933286,1000,1000,833,0.833
jpeg,40,40.0,25.44764178746442,P2210,27.566475827586917,1000,1000,878,0.878
jpeg,40,40.0,25.44764178746442,P2257,21.82019373616256,1000,1000,810,0.81
jpeg,40,40.0,25.44764178746442,P2278,28.173513029123697,1000,1000,836,0.836
jpeg,40,40.0,25.44764178746442,P2332,26.67646366822526,1000,1000,880,0.88
jpeg,40,40.0,25.44764178746442,P2352,26.342223346663232,1000,1000,870,0.87
jpeg,40,40.0,25.44764178746442,P2456,20.46813611086044,1000,1000,849,0.849
jpeg,40,40.0,25.44764178746442,P2528,25.74160719666121,1000,1000,881,0.881
jpeg,40,40.0,25.44764178746442,P2591,23.2465100738473,1000,1000,871,0.871
jpeg,40,40.0,25.44764178746442,P2613,22.64444690649612,1000,1000,874,0.874
jpeg,40,40.0,25.44764178746442,P2724,24.76323208379966,1000,1000,824,0.824
jpeg,40,40.0,25.44764178746442,P2754,26.796605836900618,1000,1000,852,0.852
noise,5,5.0,18.419875122198725,P0063,20.566753568071327,1000,1000,858,0.858
noise,5,5.0,18.419875122198725,P0081,19.601950745599694,1000,1000,879,0.879
noise,5,5.0,18.419875122198725,P0198,19.329875272249467,1000,1000,885,0.885
noise,5,5.0,18.419875122198725,P0308,17.05627487510453,1000,1000,844,0.844
noise,5,5.0,18.419875122198725,P0336,17.506559115947873,1000,1000,896,0.896
noise,5,5.0,18.419875122198725,P0345,16.963196855113416,1000,1000,845,0.845
noise,5,5.0,18.419875122198725,P0363,18.477349299388827,1000,1000,889,0.889
noise,5,5.0,18.419875122198725,P0368,18.615988047926862,1000,1000,870,0.87
noise,5,5.0,18.419875122198725,P0377,18.25537532653967,1000,1000,715,0.715
noise,5,5.0,18.419875122198725,P0452,19.645551282183973,1000,1000,893,0.893
noise,5,5.0,18.419875122198725,P0517,18.61078725642306,1000,1000,899,0.899
noise,5,5.0,18.419875122198725,P0565,16.985971182889653,1000,1000,869,0.869
noise,5,5.0,18.419875122198725,P0649,16.843510332922285,1000,1000,707,0.707
noise,5,5.0,18.419875122198725,P0699,18.960903032230064,1000,1000,875,0.875
noise,5,5.0,18.419875122198725,P0806,19.732098322595107,1000,1000,804,0.804
noise,5,5.0,18.419875122198725,P1003,17.24866190084238,1000,1000,880,0.88
noise,5,5.0,18.419875122198725,P1029,18.613590791741473,1000,1000,856,0.856
noise,5,5.0,18.419875122198725,P1148,19.930527772429414,417,845,327,0.7841726618705036
noise,5,5.0,18.419875122198725,P1158,18.319155723717667,939,1000,566,0.6027689030883919
noise,5,5.0,18.419875122198725,P1207,14.259903721277162,93,285,15,0.16129032258064516
noise,5,5.0,18.419875122198725,P1216,15.920886238471386,155,364,38,0.24516129032258063
noise,5,5.0,18.419875122198725,P1242,19.03489667129496,1000,1000,720,0.72
noise,5,5.0,18.419875122198725,P1358,18.820584935120145,1000,1000,817,0.817
noise,5,5.0,18.419875122198725,P1522,16.25101246032057,1000,1000,697,0.697
noise,5,5.0,18.419875122198725,P1676,15.741058735440651,536,842,380,0.7089552238805971
noise,5,5.0,18.419875122198725,P1693,13.915175814532358,825,916,549,0.6654545454545454
noise,5,5.0,18.419875122198725,P1960,18.742692092680496,1000,1000,895,0.895
noise,5,5.0,18.419875122198725,P2002,20.133232621864543,1000,1000,888,0.888
noise,5,5.0,18.419875122198725,P2045,18.214729965318885,1000,1000,841,0.841
noise,5,5.0,18.419875122198725,P2210,20.55719792704562,1000,1000,877,0.877
noise,5,5.0,18.419875122198725,P2257,18.725603143275332,1000,1000,846,0.846
noise,5,5.0,18.419875122198725,P2278,20.412009783960237,1000,1000,841,0.841
noise,5,5.0,18.419875122198725,P2332,19.92722660303555,1000,1000,833,0.833
noise,5,5.0,18.419875122198725,P2352,19.225308245121216,1000,1000,836,0.836
noise,5,5.0,18.419875122198725,P2456,19.20821760957747,1000,1000,848,0.848
noise,5,5.0,18.419875122198725,P2528,18.887584775389573,1000,1000,863,0.863
noise,5,5.0,18.419875122198725,P2591,18.971423718160057,1000,1000,863,0.863
noise,5,5.0,18.419875122198725,P2613,18.568217592373415,1000,1000,894,0.894
noise,5,5.0,18.419875122198725,P2724,19.512336983364587,1000,1000,797,0.797
noise,5,5.0,18.419875122198725,P2754,20.501624546408127,1000,1000,830,0.83
noise,10,10.0,15.975570212587229,P0063,18.742131295188894,1000,1000,826,0.826
noise,10,10.0,15.975570212587229,P0081,17.19792907797271,1000,1000,836,0.836
noise,10,10.0,15.975570212587229,P0198,17.0958169071601,1000,1000,852,0.852
noise,10,10.0,15.975570212587229,P0308,14.410154618820808,1000,1000,774,0.774
noise,10,10.0,15.975570212587229,P0336,14.654058758165265,1000,1000,877,0.877
noise,10,10.0,15.975570212587229,P0345,14.275462975534754,1000,1000,811,0.811
noise,10,10.0,15.975570212587229,P0363,16.04713287971518,1000,1000,869,0.869
noise,10,10.0,15.975570212587229,P0368,16.21471716615758,1000,1000,836,0.836
noise,10,10.0,15.975570212587229,P0377,15.726221869584029,1000,1000,641,0.641
noise,10,10.0,15.975570212587229,P0452,17.462483401454378,1000,1000,856,0.856
noise,10,10.0,15.975570212587229,P0517,16.217229010945434,1000,1000,883,0.883
noise,10,10.0,15.975570212587229,P0565,14.123506960961496,1000,1000,849,0.849
noise,10,10.0,15.975570212587229,P0649,13.494622679039669,1000,1000,644,0.644
noise,10,10.0,15.975570212587229,P0699,16.603968385734444,1000,1000,866,0.866
noise,10,10.0,15.975570212587229,P0806,17.734881175138113,1000,1000,764,0.764
noise,10,10.0,15.975570212587229,P1003,14.14274256793374,1000,1000,840,0.84
noise,10,10.0,15.975570212587229,P1029,16.18077583329825,1000,1000,821,0.821
noise,10,10.0,15.975570212587229,P1148,17.940567974308838,417,910,299,0.7170263788968825
noise,10,10.0,15.975570212587229,P1158,15.989982099040718,939,1000,504,0.536741214057508
noise,10,10.0,15.975570212587229,P1207,11.026884147270934,93,436,4,0.043010752688172046
noise,10,10.0,15.975570212587229,P1216,13.09028608211332,155,467,16,0.1032258064516129
noise,10,10.0,15.975570212587229,P1242,16.994869847991673,1000,1000,645,0.645
noise,10,10.0,15.975570212587229,P1358,16.679247699799525,1000,1000,775,0.775
noise,10,10.0,15.975570212587229,P1522,13.42869843392161,1000,1000,646,0.646
noise,10,10.0,15.975570212587229,P1676,12.824831910112309,536,917,314,0.585820895522388
noise,10,10.0,15.975570212587229,P1693,10.575950951187954,825,922,430,0.5212121212121212
noise,10,10.0,15.975570212587229,P1960,16.293099980088655,1000,1000,885,0.885
noise,10,10.0,15.975570212587229,P2002,18.0896224084385,1000,1000,864,0.864
noise,10,10.0,15.975570212587229,P2045,15.128994613008588,1000,1000,801,0.801
noise,10,10.0,15.975570212587229,P2210,18.79368214143526,1000,1000,853,0.853
noise,10,10.0,15.975570212587229,P2257,16.175043171549056,1000,1000,832,0.832
noise,10,10.0,15.975570212587229,P2278,18.45460329814053,1000,1000,802,0.802
noise,10,10.0,15.975570212587229,P2332,17.99544979659794,1000,1000,786,0.786
noise,10,10.0,15.975570212587229,P2352,17.088828182594657,1000,1000,815,0.815
noise,10,10.0,15.975570212587229,P2456,16.972547390331943,1000,1000,831,0.831
noise,10,10.0,15.975570212587229,P2528,16.58086178911169,1000,1000,838,0.838
noise,10,10.0,15.975570212587229,P2591,16.71792337876081,1000,1000,843,0.843
noise,10,10.0,15.975570212587229,P2613,15.70723661730936,1000,1000,876,0.876
noise,10,10.0,15.975570212587229,P2724,17.48303898830143,1000,1000,769,0.769
noise,10,10.0,15.975570212587229,P2754,18.666722039269,1000,1000,804,0.804
noise,15,15.0,13.663546271537024,P0063,16.792805448974576,1000,1000,793,0.793
noise,15,15.0,13.663546271537024,P0081,14.866482846914144,1000,1000,784,0.784
noise,15,15.0,13.663546271537024,P0198,14.896370767644528,1000,1000,812,0.812
noise,15,15.0,13.663546271537024,P0308,11.9816595178402,1000,1000,690,0.69
noise,15,15.0,13.663546271537024,P0336,12.17653470315012,1000,1000,830,0.83
noise,15,15.0,13.663546271537024,P0345,11.830670071424716,1000,1000,760,0.76
noise,15,15.0,13.663546271537024,P0363,13.714450259572455,1000,1000,813,0.813
noise,15,15.0,13.663546271537024,P0368,13.894804867202144,1000,1000,780,0.78
noise,15,15.0,13.663546271537024,P0377,13.33342086168036,1000,1000,556,0.556
noise,15,15.0,13.663546271537024,P0452,15.281323932139422,1000,1000,819,0.819
noise,15,15.0,13.663546271537024,P0517,13.925469701333146,1000,1000,849,0.849
noise,15,15.0,13.663546271537024,P0565,11.637177342563303,1000,1000,812,0.812
noise,15,15.0,13.663546271537024,P0649,10.702297465752482,1000,1000,547,0.547
noise,15,15.0,13.663546271537024,P0699,14.301300333189069,1000,1000,826,0.826
noise,15,15.0,13.663546271537024,P0806,15.661729107639104,1000,1000,718,0.718
noise,15,15.0,13.663546271537024,P1003,11.515370257984896,1000,1000,790,0.79
noise,15,15.0,13.663546271537024,P1029,13.86600550200794,1000,1000,761,0.761
noise,15,15.0,13.663546271537024,P1148,15.86680193884578,417,959,276,0.6618705035971223
noise,15,15.0,13.663546271537024,P1158,13.707629255174758,939,1000,430,0.4579339723109691
noise,15,15.0,13.663546271537024,P1207,8.337265131206351,93,529,1,0.010752688172043012
noise,15,15.0,13.663546271537024,P1216,10.546370864454456,155,588,6,0.03870967741935484
noise,15,15.0,13.663546271537024,P1242,14.887529325329204,1000,1000,571,0.571
noise,15,15.0,13.663546271537024,P1358,14.508877267605952,1000,1000,702,0.702
noise,15,15.0,13.663546271537024,P1522,10.897863189262168,1000,1000,581,0.581
noise,15,15.0,13.663546271537024,P1676,10.24863065083126,536,972,262,0.48880597014925375
noise,15,15.0,13.663546271537024,P1693,7.900503082520668,825,931,322,0.3903030303030303
noise,15,15.0,13.663546271537024,P1960,13.990417631103158,1000,1000,865,0.865
noise,15,15.0,13.663546271537024,P2002,16.00633219633587,1000,1000,831,0.831
noise,15,15.0,13.663546271537024,P2045,12.46548683296618,1000,1000,766,0.766
noise,15,15.0,13.663546271537024,P2210,16.8769275470944,1000,1000,808,0.808
noise,15,15.0,13.663546271537024,P2257,13.777043165674318,1000,1000,785,0.785
noise,15,15.0,13.663546271537024,P2278,16.410449687904375,1000,1000,729,0.729
noise,15,15.0,13.663546271537024,P2332,15.96084700182303,1000,1000,751,0.751
noise,15,15.0,13.663546271537024,P2352,14.926554682836128,1000,1000,787,0.787
noise,15,15.0,13.663546271537024,P2456,14.776817735331525,1000,1000,791,0.791
noise,15,15.0,13.663546271537024,P2528,14.33068084219389,1000,1000,794,0.794
noise,15,15.0,13.663546271537024,P2591,14.498144493903082,1000,1000,801,0.801
noise,15,15.0,13.663546271537024,P2613,13.159233930742095,1000,1000,847,0.847
noise,15,15.0,13.663546271537024,P2724,15.38285772606281,1000,1000,717,0.717
noise,15,15.0,13.663546271537024,P2754,16.700713695266856,1000,1000,772,0.772
noise,25,25.0,10.108449678631985,P0063,13.5048084556095,1000,1000,711,0.711
noise,25,25.0,10.108449678631985,P0081,11.206910272753731,1000,1000,677,0.677
noise,25,25.0,10.108449678631985,P0198,11.431360103326949,1000,1000,716,0.716
noise,25,25.0,10.108449678631985,P0308,8.34461692993732,1000,1000,540,0.54
noise,25,25.0,10.108449678631985,P0336,8.673947295821115,1000,1000,745,0.745
noise,25,25.0,10.108449678631985,P0345,8.20256561181695,1000,1000,638,0.638
noise,25,25.0,10.108449678631985,P0363,10.08979076671627,1000,1000,712,0.712
noise,25,25.0,10.108449678631985,P0368,10.267919490072694,1000,1000,695,0.695
noise,25,25.0,10.108449678631985,P0377,9.652850502415282,1000,1000,393,0.393
noise,25,25.0,10.108449678631985,P0452,11.784677892222714,1000,1000,753,0.753
noise,25,25.0,10.108449678631985,P0517,10.385480215679268,1000,1000,773,0.773
noise,25,25.0,10.108449678631985,P0565,8.114747335798327,1000,1000,710,0.71
noise,25,25.0,10.108449678631985,P0649,6.720480812046915,1000,1000,367,0.367
noise,25,25.0,10.108449678631985,P0699,10.660372549665665,1000,1000,734,0.734
noise,25,25.0,10.108449678631985,P0806,12.254726430688258,1000,1000,594,0.594
noise,25,25.0,10.108449678631985,P1003,7.816025764107106,1000,1000,679,0.679
noise,25,25.0,10.108449678631985,P1029,10.35115526369831,1000,1000,662,0.662
noise,25,25.0,10.108449678631985,P1148,12.422029052156333,417,1000,227,0.5443645083932853
noise,25,25.0,10.108449678631985,P1158,10.115979643531356,939,1000,304,0.32374866879659214
noise,25,25.0,10.108449678631985,P1207,4.732367585286502,93,697,0,0.0
noise,25,25.0,10.108449678631985,P1216,6.835401465952272,155,711,1,0.0064516129032258064
noise,25,25.0,10.108449678631985,P1242,11.40649436472825,1000,1000,389,0.389
noise,25,25.0,10.108449678631985,P1358,10.992545092466216,1000,1000,578,0.578
noise,25,25.0,10.108449678631985,P1522,7.233206520021561,1000,1000,469,0.469
noise,25,25.0,10.108449678631985,P1676,6.576728204306671,536,986,183,0.3414179104477612
noise,25,25.0,10.108449678631985,P1693,4.356434473670643,825,947,174,0.2109090909090909
noise,25,25.0,10.108449678631985,P1960,10.454896832320532,1000,1000,798,0.798
noise,25,25.0,10.108449678631985,P2002,12.61645090590527,1000,1000,751,0.751
noise,25,25.0,10.108449678631985,P2045,8.59041952840807,1000,1000,663,0.663
noise,25,25.0,10.108449678631985,P2210,13.589568375205769,1000,1000,703,0.703
noise,25,25.0,10.108449678631985,P2257,10.109261808004437,1000,1000,700,0.7
noise,25,25.0,10.108449678631985,P2278,13.042293298374224,1000,1000,634,0.634
noise,25,25.0,10.108449678631985,P2332,12.563257648400723,1000,1000,651,0.651
noise,25,25.0,10.108449678631985,P2352,11.44733846765272,1000,1000,694,0.694
noise,25,25.0,10.108449678631985,P2456,11.31900364309873,1000,1000,712,0.712
noise,25,25.0,10.108449678631985,P2528,10.806534867124878,1000,1000,723,0.723
noise,25,25.0,10.108449678631985,P2591,10.991131578552288,1000,1000,731,0.731
noise,25,25.0,10.108449678631985,P2613,9.37348864071137,1000,1000,780,0.78
noise,25,25.0,10.108449678631985,P2724,11.927110987673064,1000,1000,632,0.632
noise,25,25.0,10.108449678631985,P2754,13.373608469351144,1000,1000,673,0.673
noise,35,35.0,7.606840899682929,P0063,11.048568196713749,1000,1000,623,0.623
noise,35,35.0,7.606840899682929,P0081,8.564251980221162,1000,1000,564,0.564
noise,35,35.0,7.606840899682929,P0198,8.962329374289618,1000,1000,609,0.609
noise,35,35.0,7.606840899682929,P0308,5.872112228888487,1000,1000,408,0.408
noise,35,35.0,7.606840899682929,P0336,6.321857831587458,1000,1000,657,0.657
noise,35,35.0,7.606840899682929,P0345,5.750366408922911,1000,1000,521,0.521
noise,35,35.0,7.606840899682929,P0363,7.524264517105561,1000,1000,609,0.609
noise,35,35.0,7.606840899682929,P0368,7.685492994232131,1000,1000,586,0.586
noise,35,35.0,7.606840899682929,P0377,7.0693892481409275,1000,1000,269,0.269
noise,35,35.0,7.606840899682929,P0452,9.247768995799662,1000,1000,649,0.649
noise,35,35.0,7.606840899682929,P0517,7.898240342796321,1000,1000,715,0.715
noise,35,35.0,7.606840899682929,P0565,5.732585071650208,1000,1000,628,0.628
noise,35,35.0,7.606840899682929,P0649,4.020120765566498,1000,1000,233,0.233
noise,35,35.0,7.606840899682929,P0699,8.031884146835937,1000,1000,638,0.638
noise,35,35.0,7.606840899682929,P0806,9.752746964185263,1000,1000,502,0.502
noise,35,35.0,7.606840899682929,P1003,5.309191479392038,1000,1000,561,0.561
noise,35,35.0,7.606840899682929,P1029,7.9252876670846275,1000,1000,576,0.576
noise,35,35.0,7.606840899682929,P1148,9.86422811538182,417,1000,170,0.407673860911271
noise,35,35.0,7.606840899682929,P1158,7.596510922962655,939,1000,190,0.20234291799787008
noise,35,35.0,7.606840899682929,P1207,2.457235977217895,93,785,0,0.0
noise,35,35.0,7.606840899682929,P1216,4.423860006043564,155,800,0,0.0
noise,35,35.0,7.606840899682929,P1242,8.818687332292992,1000,1000,238,0.238
noise,35,35.0,7.606840899682929,P1358,8.436669854810036,1000,1000,441,0.441
noise,35,35.0,7.606840899682929,P1522,4.836094459870875,1000,1000,326,0.326
noise,35,35.0,7.606840899682929,P1676,4.204731345305023,536,988,122,0.22761194029850745
noise,35,35.0,7.606840899682929,P1693,2.0787386105455727,825,946,96,0.11636363636363636
noise,35,35.0,7.606840899682929,P1960,7.967248691920599,1000,1000,733,0.733
noise,35,35.0,7.606840899682929,P2002,10.125409065632144,1000,1000,668,0.668
noise,35,35.0,7.606840899682929,P2045,5.900434693190877,1000,1000,588,0.588
noise,35,35.0,7.606840899682929,P2210,11.097135733621831,1000,1000,601,0.601
noise,35,35.0,7.606840899682929,P2257,7.532889420901691,1000,1000,600,0.6
noise,35,35.0,7.606840899682929,P2278,10.564978628800102,1000,1000,546,0.546
noise,35,35.0,7.606840899682929,P2332,10.046179274532005,1000,1000,549,0.549
noise,35,35.0,7.606840899682929,P2352,8.939859766946354,1000,1000,595,0.595
noise,35,35.0,7.606840899682929,P2456,8.845014137401698,1000,1000,645,0.645
noise,35,35.0,7.606840899682929,P2528,8.313440924873545,1000,1000,654,0.654
noise,35,35.0,7.606840899682929,P2591,8.496307777134128,1000,1000,636,0.636
noise,35,35.0,7.606840899682929,P2613,6.723096329204116,1000,1000,681,0.681
noise,35,35.0,7.606840899682929,P2724,9.397481110245389,1000,1000,526,0.526
noise,35,35.0,7.606840899682929,P2754,10.89094559506968,1000,1000,551,0.551
noise,50,50.0,4.980252769363661,P0063,8.420981274281994,1000,1000,500,0.5
noise,50,50.0,4.980252769363661,P0081,5.742045445268489,1000,1000,425,0.425
noise,50,50.0,4.980252769363661,P0198,6.372664185148487,1000,1000,457,0.457
noise,50,50.0,4.980252769363661,P0308,3.3457982474153103,1000,1000,260,0.26
noise,50,50.0,4.980252769363661,P0336,3.817266105915387,1000,1000,531,0.531
noise,50,50.0,4.980252769363661,P0345,3.233899461288223,1000,1000,353,0.353
noise,50,50.0,4.980252769363661,P0363,4.847427646963676,1000,1000,435,0.435
noise,50,50.0,4.980252769363661,P0368,4.984548867376802,1000,1000,418,0.418
noise,50,50.0,4.980252769363661,P0377,4.383407127869971,1000,1000,141,0.141
noise,50,50.0,4.980252769363661,P0452,6.559730406814958,1000,1000,538,0.538
noise,50,50.0,4.980252769363661,P0517,5.299530746845117,1000,1000,621,0.621
noise,50,50.0,4.980252769363661,P0565,3.207445463700939,1000,1000,495,0.495
noise,50,50.0,4.980252769363661,P0649,1.198685409516268,1000,1000,125,0.125
noise,50,50.0,4.980252769363661,P0699,5.270684218328164,1000,1000,514,0.514
noise,50,50.0,4.980252769363661,P0806,7.096314487272921,1000,1000,363,0.363
noise,50,50.0,4.980252769363661,P1003,2.6347644987507053,1000,1000,396,0.396
noise,50,50.0,4.980252769363661,P1029,5.385124305288029,1000,1000,433,0.433
noise,50,50.0,4.980252769363661,P1148,7.164647521404321,417,1000,106,0.2541966426858513
noise,50,50.0,4.980252769363661,P1158,5.016450166837698,939,1000,104,0.11075612353567625
noise,50,50.0,4.980252769363661,P1207,0.0615826783338469,93,867,0,0.0
noise,50,50.0,4.980252769363661,P1216,1.9967531047946827,155,882,0,0.0
noise,50,50.0,4.980252769363661,P1242,6.0848033094447995,1000,1000,119,0.119
noise,50,50.0,4.980252769363661,P1358,5.760237204532313,1000,1000,261,0.261
noise,50,50.0,4.980252769363661,P1522,2.392292725142042,1000,1000,211,0.211
noise,50,50.0,4.980252769363661,P1676,1.7773556563940107,536,987,72,0.13432835820895522
noise,50,50.0,4.980252769363661,P1693,-0.3561990499188405,825,961,33,0.04
noise,50,50.0,4.980252769363661,P1960,5.368404670308264,1000,1000,626,0.626
noise,50,50.0,4.980252769363661,P2002,7.477305172744494,1000,1000,548,0.548
noise,50,50.0,4.980252769363661,P2045,3.045400340762248,1000,1000,466,0.466
noise,50,50.0,4.980252769363661,P2210,8.417491432910921,1000,1000,466,0.466
noise,50,50.0,4.980252769363661,P2257,4.829972755911008,1000,1000,475,0.475
noise,50,50.0,4.980252769363661,P2278,7.925426993026543,1000,1000,405,0.405
noise,50,50.0,4.980252769363661,P2332,7.384516854645794,1000,1000,406,0.406
noise,50,50.0,4.980252769363661,P2352,6.305120693691312,1000,1000,446,0.446
noise,50,50.0,4.980252769363661,P2456,6.232592206623085,1000,1000,541,0.541
noise,50,50.0,4.980252769363661,P2528,5.716742859358506,1000,1000,537,0.537
noise,50,50.0,4.980252769363661,P2591,5.895345580959301,1000,1000,510,0.51
noise,50,50.0,4.980252769363661,P2613,3.9176376769619137,1000,1000,552,0.552
noise,50,50.0,4.980252769363661,P2724,6.740637879054518,1000,1000,384,0.384
noise,50,50.0,4.980252769363661,P2754,8.255274442578191,1000,1000,433,0.433
